date,acquisitionOfShares,directInvestmentToIndia,equityGovernment,equityInflows,equityRBI,equityUnincorporated,fdiByIndia,fdiByIndiaEquity,fdiByIndiaOther,fdiByIndiaReinvested,fdiByIndiaRepatriation,fpis,gdrsAdrs,grossInflows,netFDI,netPortfolioInvestment,offshoreFunds,otherCapitalInflows,portfolioByIndia,reinvestedEarnings,repatriationDisinvestment,repatriationEquity,repatriationOther
2011-03,333,1174,45,1723,1250,95,930,813,244,101,228,-552,0,2621,244,-609,0,136,57,762,1448,1421,27
2011-04,203,2782,655,3198,2263,77,863.8,576.62,321.18,101,135,3439.6,105,4302,1918.2,3475.6,0,484,69,620,1520,1409,111
2011-05,202,4074,103,4490,4108,77,887.93,428.19,493.74,101,135,-1708.87,125,5594,3186.07,-1652.87,0,484,69,620,1520,1409,111
2011-06,2220,5317,993,5733,2443,77,1439.97,605.23,868.74,101,135,741.07,48,6837,3877.03,720.07,0,484,69,620,1520,1409,111
2011-07,46,1235.07,212,1178,841,79,1102.08,498.43,624.98,100.67,122,1540.36,20,1947.4,132.99,1623.03,0,134.4,-62.67,635,712.33,671.67,40.67
2011-08,3552,6177.07,105,6120,2384,79,1037.74,716.59,342.48,100.67,122,-1820.71,24,6889.4,5139.33,-1734.04,0,134.4,-62.67,635,712.33,671.67,40.67
2011-09,228,1902.07,109,1845,1429,79,963.03,470.88,513.48,100.67,122,-1308.19,161,2614.4,939.04,-1084.52,0,134.4,-62.67,635,712.33,671.67,40.67
2011-10,2019,3035,130,3093,854,90,427,475,185,101,334,-516,84,3888,2608,-448,0,77,16,718,853,838,15
2011-11,1228,2570,282,2628,1028,90,946,515,665,101,334,76,0,3423,1624,60,0,77,16,718,853,838,15
2011-12,90,1385,121,1443,1142,90,612,487,358,101,334,2302,0,2238,773,2286,0,77,16,718,853,838,15
2012-01,503,1550,86,2099,1415,95,550,433,244,101,228,5392,30,2997,999,5365,0,136,57,762,1448,1421,27
2012-02,736,1757,205,2306,1270,95,1312,577,862,101,228,9228,0,3204,444,9170,0,136,57,762,1448,1421,27
2012-03,333,1174,45,1723,1250,95,955,858,224,101,228,-552,0,2621,219,-609,0,136,57,762,1448,1421,27
2012-04,340,2352.62,356,1942,1161,85,790.33,345.18,633.7,99.1,287.66,-1305.51,0,2816.1,1562.3,-1408.84,0,121,103.33,753.1,463.48,344.19,119.29
2012-05,198,1822.62,24,1412,1105,85,798.31,527.12,459.74,99.1,287.66,11.56,0,2286.1,1024.32,-91.77,0,121,103.33,753.1,463.48,344.19,119.29
2012-06,408.4,1739.85,139.05,1329.23,696.78,85,505.01,509.21,184.35,99.1,287.66,-412.17,94,2203.33,1234.85,-421.5,0,121,103.33,753.1,463.48,344.19,119.29
2012-07,212.3,2042.26,504.7,1560.46,757.46,86,429.67,431.59,377.53,99.1,478.55,2147.99,60,2489.59,1612.59,2117.66,0,163,90.33,766.13,447.33,446.67,0.67
2012-08,455.18,2831.7,281.88,2349.9,1526.84,86,432.77,510.67,301.55,99.1,478.55,1565.83,0,3279.03,2398.93,1475.5,0,163,90.33,766.13,447.33,446.67,0.67
2012-09,195.62,4648.63,19.38,4166.83,3865.83,86,501.75,588.72,292.48,99.1,478.55,4189.71,25,5095.96,4146.88,4124.38,0,163,90.33,766.13,447.33,446.67,0.67
2012-10,328.46,2022.86,417.66,2032.54,1195.42,91,809.61,801.3,441,99.1,531.78,2936.99,8,2929.52,1213.24,2920.99,0,33.67,24,863.32,906.67,874.67,32
2012-11,127.62,1139.8,38.77,1149.48,892.09,91,700.34,632.06,500.97,99.1,531.78,2026.24,0,2046.46,439.45,2002.24,0,33.67,24,863.32,906.67,874.67,32
2012-12,162.16,1181.51,248.22,1191.2,689.81,91,728.17,689.92,470.94,99.1,531.78,4882.1,0,2088.18,453.34,4858.1,0,33.67,24,863.32,906.67,874.67,32
2013-01,278.83,2721.78,191.84,2248.48,1686.81,91,20.74,276.16,176.76,99.1,531.28,6117.44,0,3352.78,2701.03,6042.44,0,193.67,75,910.63,631,618.67,12.33
2013-02,329.65,2359.64,84.22,1886.34,1381.47,91,149.59,369.75,212.02,99.1,531.28,4176.34,0,2990.64,2210.05,4101.34,0,193.67,75,910.63,631,618.67,12.33
2013-03,502.79,2089.3,13.74,1616,1008.48,91,1267.35,1419.67,279.86,99.1,531.28,1245.84,0,2720.3,821.95,1170.84,0,193.67,75,910.63,631,618.67,12.33
2013-04,1376.79,2681.5,108.31,2395.74,836.3,74.33,-106.54,401.14,186.03,92,785.7,1542,0,3232.43,2788.04,1621.13,0,150.33,-79.13,686.36,550.93,508.6,42.33
2013-05,252.79,1991.34,189.15,1705.57,1189.3,74.33,125.61,403.21,416.11,92,785.7,6703,0,2542.27,1865.72,6782.13,0,150.33,-79.13,686.36,550.93,508.6,42.33
2013-06,431.55,1804.1,131.99,1518.34,880.46,74.33,-30.56,286.95,376.2,92,785.7,-8727,20,2355.03,1834.66,-8627.87,0,150.33,-79.13,686.36,550.93,508.6,42.33
2013-07,374.42,2166.85,69.24,1732.28,1212.96,75.67,236.6,241.37,308.57,99,412.34,-4703.03,0,2519.36,1930.25,-4715.54,0,91.08,12.51,696,352.51,284.08,68.43
2013-08,461.53,1918.11,156,1483.54,790.34,75.67,257.51,218.78,352.07,99,412.34,-2018.33,0,2270.62,1660.6,-2030.84,0,91.08,12.51,696,352.51,284.08,68.43
2013-09,3349.41,4643.63,9.97,4209.06,774.01,75.67,133.07,264.46,181.95,99,412.34,157.29,0,4996.14,4510.57,144.78,0,91.08,12.51,696,352.51,284.08,68.43
2013-10,322.99,1830.2,88.59,1312.25,814.68,86,-209.47,346.61,178.74,99,833.82,-366.15,0,2300.25,2039.67,-414.03,0,196.67,47.88,791.33,470.06,441.41,28.65
2013-11,66.24,2241.57,258.95,1723.63,1312.43,86,76.59,544.94,266.47,99,833.82,-34.66,0,2711.63,2164.98,-82.54,0,196.67,47.88,791.33,470.06,441.41,28.65
2013-12,139.77,1705.3,42.73,1187.36,918.86,86,-155.58,400.47,178.77,99,833.82,2934.49,0,2175.36,1860.89,2886.61,0,196.67,47.88,791.33,470.06,441.41,28.65
2014-01,607.29,2869.12,65.99,2278.02,1515.74,89,3428.04,3677.07,131.83,99,479.86,2615.8,0,3256.95,-558.92,2528.11,0,159.93,87.69,819,387.83,361.13,26.71
2014-02,600.67,2697.34,51.71,2106.24,1364.86,89,3362.97,3609.56,134.27,99,479.86,1508.5,0,3085.17,-665.63,1420.81,0,159.93,87.69,819,387.83,361.13,26.71
2014-03,261.84,4213.43,12.78,3622.33,3258.71,89,2080.74,2025.03,436.57,99,479.86,5396.84,0,4601.26,2132.69,5309.15,0,159.93,87.69,819,387.83,361.13,26.71
2014-04,464.89,2057.55,99.09,1780.47,1140.93,75.57,172.94,219.64,195.92,278.09,520.71,-68.5,0,2709.79,1884.6,-76.85,0,157.67,8.35,771.65,652.24,634.69,17.55
2014-05,1946.5,3956.49,58.38,3679.42,1598.97,75.57,248.25,204.24,286.63,278.09,520.71,7709.21,0,4608.74,3708.24,7700.86,0,157.67,8.35,771.65,652.24,634.69,17.55
2014-06,265.87,2279.31,458.53,2002.24,1202.28,75.57,280.23,283.74,239.11,278.09,520.71,4824.13,0,2931.56,1999.08,4815.78,0,157.67,8.35,771.65,652.24,634.69,17.55
2014-07,1049,3956.41,210,3577.32,2241,77.32,411.56,339.36,317.53,278.09,523.42,5416.79,0,4659.6,3544.85,5380.05,0,292.67,36.74,789.61,703.19,683.34,19.85
2014-08,650,1734.41,37,1355.32,591,77.32,557.91,210.62,592.62,278.09,523.42,2091.42,0,2437.6,1176.5,2054.68,0,292.67,36.74,789.61,703.19,683.34,19.85
2014-09,277.34,3136.79,468.94,2757.71,1934.11,77.32,383.08,390.09,238.32,278.09,523.42,2364.22,0,3839.99,2753.71,2327.48,0,292.67,36.74,789.61,703.19,683.34,19.85
2014-10,419.96,3095.7,7.92,2739.17,2227.43,83.87,355.53,400.08,277.19,278.09,599.83,1721.87,0,3812.94,2740.17,1765.33,0,217.33,-43.46,856.44,717.24,694.7,22.55
2014-11,21.91,1977.61,123.86,1621.08,1391.45,83.87,93.27,259.42,155.59,278.09,599.83,4832.22,0,2694.85,1884.34,4875.68,0,217.33,-43.46,856.44,717.24,694.7,22.55
2014-12,295.93,2601.54,239.11,2245,1626.09,83.87,311.95,365.03,268.66,278.09,599.83,-404.23,0,3318.78,2289.59,-360.77,0,217.33,-43.46,856.44,717.24,694.7,22.55
2015-01,255.22,4681.28,209.12,4569.79,4016.18,89.27,212.96,286.69,220.46,278.09,572.28,6634.37,0,5896.72,4468.32,6639.79,0,415.33,-5.43,911.61,1215.45,1191.39,24.05
2015-02,302.58,3488.64,65.29,3377.15,2920.02,89.27,273.88,366.88,201.19,278.09,572.28,3768.79,0,4704.09,3214.76,3774.21,0,415.33,-5.43,911.61,1215.45,1191.39,24.05
2015-03,235.6,2317.85,241.41,2206.35,1640.07,89.27,729.69,541.4,482.48,278.09,572.28,2032.35,1270.72,3533.29,1588.15,3308.49,0,415.33,-5.43,911.61,1215.45,1191.39,24.05
2015-04,301.35,4251.4,78.52,3680.15,3224.71,75.57,487.32,320.32,329.12,278.09,440.21,3970.83,273.35,5144.8,3764.09,4299.69,0,693,-55.51,771.65,893.4,872.49,20.9
2015-05,168.18,4496.88,502.57,3925.63,3179.31,75.57,436.76,392.61,206.27,278.09,440.21,-1962.4,0,5390.28,4060.13,-1906.89,0,693,-55.51,771.65,893.4,872.49,20.9
2015-06,280.3,2700.49,169.12,2129.23,1604.25,75.57,521.62,447.04,236.7,278.09,440.21,-2224.91,0,3593.88,2178.87,-2169.4,0,693,-55.51,771.65,893.4,872.49,20.9
2015-07,165.74,2351.31,90.84,2083.86,1749.95,77.32,486.83,372.01,159.95,278.09,323.22,348.36,100.01,3086.47,1864.48,483.76,0,213,-35.39,789.61,735.17,733.6,1.56
2015-08,276.3,2564.76,58.95,2297.31,1884.73,77.32,477.13,343.01,179.25,278.09,323.22,-2503.78,0,3299.92,2087.63,-2468.39,0,213,-35.39,789.61,735.17,733.6,1.56
2015-09,183.97,3241.37,51.35,2973.93,2661.28,77.32,673.92,310.33,408.72,278.09,323.22,-1419.8,0,3976.54,2567.45,-1384.41,0,213,-35.39,789.61,735.17,733.6,1.56
2015-10,566.03,5610.72,1756.41,5347.45,2919.82,105.2,991.73,405.68,530.21,278.09,222.25,5291.32,0,6410.36,4618.99,5288.24,0,186,3.08,876.91,799.63,787.76,11.87
2015-11,193.89,3302.55,61.21,3039.28,2678.98,105.2,702.14,285.12,361.18,278.09,222.25,-2970.09,0,4102.19,2600.41,-2973.17,0,186,3.08,876.91,799.63,787.76,11.87
2015-12,303.61,5003.16,106.05,4739.89,4225.04,105.2,1520.29,1243.16,221.29,278.09,222.25,-1758.13,0,5802.8,3482.87,-1761.21,0,186,3.08,876.91,799.63,787.76,11.87
2016-01,619.62,5250.52,104.74,5087.54,4251.04,112.13,832.48,740.71,267.88,278.09,454.2,-893.63,0,6373,4418.04,-1143.85,0,252.67,250.21,1032.8,1122.48,1114.26,8.22
2016-02,240.78,3391.81,496.48,3228.83,2379.44,112.13,544.72,505.78,215.05,278.09,454.2,-1251.31,0,4514.29,2847.09,-1501.53,0,252.67,250.21,1032.8,1122.48,1114.26,8.22
2016-03,633.09,2741.54,97.79,2578.56,1735.55,112.13,1210.61,1120.22,266.5,278.09,454.2,1357.58,0,3864.02,1530.93,1107.36,0,252.67,250.21,1032.8,1122.48,1114.26,8.22
2016-04,1755.18,2796.87,452.77,3456.3,1153.8,94.55,1540.61,1499.86,605.24,243.79,808.27,3141.5,0,4747.65,1256.26,3429.13,0,235,-287.63,1056.35,1950.78,1927.85,22.93
2016-05,823.26,1418.58,129.27,2078.02,1030.93,94.55,53.2,315.67,302.02,243.79,808.27,-1621.85,0,3369.36,1365.38,-1334.22,0,235,-287.63,1056.35,1950.78,1927.85,22.93
2016-06,319.28,1680.59,126.04,2340.03,1800.16,94.55,420.2,611.39,373.3,243.79,808.27,-279.1,0,3631.37,1260.39,8.53,0,235,-287.63,1056.35,1950.78,1927.85,22.93
2016-07,348.61,4064.47,105.54,4179.3,3627.22,97.93,-645.93,839.47,271.4,243.79,2000.58,2266.56,0,5424.82,4710.4,2047.11,0,287.67,219.45,957.85,1360.35,1301.38,58.97
2016-08,187.24,4785.95,1147.69,4900.79,3467.93,97.93,-1249.94,345.45,161.41,243.79,2000.58,1558.02,0,6146.31,6035.89,1338.57,0,287.67,219.45,957.85,1360.35,1301.38,58.97
2016-09,811.11,5132.52,450.42,5247.35,3887.89,97.93,-1120.46,426.65,209.69,243.79,2000.58,2884.02,0,6492.87,6252.97,2664.57,0,287.67,219.45,957.85,1360.35,1301.38,58.97
2016-10,433.96,5854.32,489.93,6299.75,5271.57,104.3,1687.51,1391.72,212.16,243.79,160.15,-40.3,0,7477.93,4166.81,-49.24,0,158.33,8.95,1019.84,1623.6,1603.94,19.66
2016-11,248.92,4336.3,2612.2,4781.73,1816.32,104.3,757.89,220.76,453.5,243.79,160.15,-6902.37,0,5959.9,3578.4,-6911.31,0,158.33,8.95,1019.84,1623.6,1603.94,19.66
2016-12,687.46,3005.95,248.3,3451.38,2411.32,104.3,1016.39,670.26,262.5,243.79,160.15,-4371.39,0,4629.55,1989.55,-4380.33,0,158.33,8.95,1019.84,1623.6,1603.94,19.66
2017-01,478.25,4477.68,40.72,4086.68,3456.83,110.88,407.08,229.67,486.04,243.79,552.41,365.06,0,5544.65,4070.6,254.47,0,377.61,110.59,1080.36,1066.97,939.46,127.51
2017-02,286.35,1712.13,15.52,1321.13,908.38,110.88,718.51,604.11,423.03,243.79,552.41,1719.4,0,2779.1,993.62,1608.81,0,377.61,110.59,1080.36,1066.97,939.46,127.51
2017-03,781.62,2949.81,81.65,2558.8,1584.66,110.88,3017.63,2637.04,689.22,243.79,552.41,9046.07,0,4016.77,-67.83,8935.48,0,377.61,110.59,1080.36,1066.97,939.46,127.51
2017-04,671.45,3141.89,36.38,3280.19,2520.72,51.63,1508.73,775.43,731.5,237.72,235.92,1944.55,0,4624.91,1633.16,2121.36,0,370,-176.81,974.72,1483.02,1442.37,40.65
2017-05,582.92,3973.73,108.98,4112.03,3368.49,51.63,561.02,432.35,126.87,237.72,235.92,5725.6,0,5456.75,3412.71,5902.42,0,370,-176.81,974.72,1483.02,1442.37,40.65
2017-06,426.45,3032.49,121.03,3170.79,2571.67,51.63,934.55,551.78,380.97,237.72,235.92,4251.01,0,4515.51,2097.94,4427.82,0,370,-176.81,974.72,1483.02,1442.37,40.65
2017-07,766.86,4742.18,124.96,4880.58,3935.02,53.74,543,303.17,357.76,237.72,355.65,1010.49,0,6171.35,4199.18,886.63,0,276.33,123.86,1014.44,1429.17,1417.75,11.43
2017-08,502.95,7919.04,5897.13,8057.44,1603.62,53.74,237.22,221.63,133.52,237.72,355.65,684.13,0,9348.21,7681.82,560.27,0,276.33,123.86,1014.44,1429.17,1417.75,11.43
2017-09,419.25,2030.71,98.53,2169.12,1597.6,53.74,1500.32,516.2,1102.05,237.72,355.65,742.88,0,3459.89,530.39,619.01,0,276.33,123.86,1014.44,1429.17,1417.75,11.43
2017-10,909.97,1148.02,27.85,2738,1744.01,56.18,516.48,352.81,249.09,237.72,323.13,3887.15,0,3919.84,631.53,3850.89,0,121.33,36.25,1060.51,2771.82,2762.3,9.52
2017-11,740.61,1552.53,18.34,3142.51,2327.38,56.18,596.39,454.4,227.41,237.72,323.13,1627.09,0,4324.35,956.14,1590.83,0,121.33,36.25,1060.51,2771.82,2762.3,9.52
2017-12,1768.81,3284.86,55.22,4874.84,2994.63,56.18,549.19,382.88,251.73,237.72,323.13,-83.96,0,6056.68,2735.67,-120.22,0,121.33,36.25,1060.51,2771.82,2762.3,9.52
2018-01,230.91,2314.12,91.89,2477.63,2094.91,59.92,625.57,459.82,175.7,237.72,247.66,3412.51,0,3811.35,1688.55,3379.21,0,202.67,33.3,1131.05,1497.23,1485.95,11.27
2018-02,262.52,3077.45,1160.62,3240.96,1757.9,59.92,409.65,213.97,205.63,237.72,247.66,320.18,0,4574.68,2667.79,286.87,0,202.67,33.3,1131.05,1497.23,1485.95,11.27
2018-03,208.03,3213.56,55.64,3377.07,3053.48,59.92,1162.31,589.55,582.71,237.72,247.66,-1356.87,0,4710.78,2051.24,-1390.18,0,202.67,33.3,1131.05,1497.23,1485.95,11.27
2018-04,250.65,5473.06,412.57,5402.54,4685.08,54.24,1212.65,860.93,190.9,252.7,91.88,-3210.47,0,6750.92,4260.41,-2890.27,0,272.43,-320.21,1075.95,1277.86,1273.75,4.11
2018-05,239.46,4637.5,892.89,4566.97,3380.39,54.24,969.95,553.15,255.98,252.7,91.88,-1693.56,0,5915.35,3667.54,-1373.35,0,272.43,-320.21,1075.95,1277.86,1273.75,4.11
2018-06,682.95,3015.49,235.66,2944.97,1972.13,54.24,1370.95,911.7,298.43,252.7,91.88,-4201.93,0,4293.35,1644.54,-3881.72,0,272.43,-320.21,1075.95,1277.86,1273.75,4.11
2018-07,788.28,2805.67,2.82,2825.7,1978.42,56.18,997.17,634.41,360.38,252.7,250.33,4570.88,0,4157.43,1808.5,4831.49,0,217.17,-260.61,1114.56,1351.76,1297.97,53.79
2018-08,311.08,2543.98,14.4,2564.01,2182.35,56.18,557.04,258.93,295.73,252.7,250.33,-4911.12,1820,3895.74,1986.94,-2830.51,0,217.17,-260.61,1114.56,1351.76,1297.97,53.79
2018-09,381.39,4671.12,192.07,4691.15,4061.51,56.18,1056.23,482.25,571.6,252.7,250.33,-2059.46,0,6022.88,3614.89,-1798.85,0,217.17,-260.61,1114.56,1351.76,1297.97,53.79
2018-10,708.97,4544.21,71.61,4756.37,3917.82,57.97,1424.05,794.39,585.32,252.7,208.36,-3783.3,0,6257.22,3120.15,-3757.58,0,350.71,-25.72,1150.14,1713.02,1700.33,12.68
2018-11,150.8,1584.78,209.76,1796.94,1378.41,57.97,508.17,256.67,207.16,252.7,208.36,2965.18,0,3297.8,1076.61,2990.9,0,350.71,-25.72,1150.14,1713.02,1700.33,12.68
2018-12,126.1,4236.52,0.75,4448.68,4263.85,57.97,1124.02,766.19,313.49,252.7,208.36,-1369.68,0,5949.53,3112.49,-1343.96,0,350.71,-25.72,1150.14,1713.02,1700.33,12.68
2019-01,834.11,4046.86,97.2,4469.54,3476.9,61.32,365.34,258.68,251.78,252.7,397.82,315.92,0,5937.21,3681.52,-361.72,0,251.07,677.65,1216.6,1890.35,1878.52,11.83
2019-02,352.71,2503.48,22.2,2926.16,2489.93,61.32,554.28,457.73,241.67,252.7,397.82,1852.29,0,4393.83,1949.2,1174.65,0,251.07,677.65,1216.6,1890.35,1878.52,11.83
2019-03,795.74,3239.58,276.99,3662.26,2528.19,61.32,2450.4,966.37,1629.15,252.7,397.82,9300.6,0,5129.93,789.18,8622.96,0,251.07,677.65,1216.6,1890.35,1878.52,11.83
2019-04,604.08,5540.16,63.46,5363.75,4584.4,111.8,1154.61,582.59,437.57,262.57,128.12,1215.56,0,6865.66,4385.56,1111.03,0,385.58,104.53,1116.33,1325.5,1319.1,6.39
2019-05,608.15,4083.55,207.92,3907.14,2979.27,111.8,1265.2,581.72,549.03,262.57,128.12,1940.46,0,5409.05,2818.36,1835.93,0,385.58,104.53,1116.33,1325.5,1319.1,6.39
2019-06,210.02,7570.45,2444.02,7394.04,4628.19,111.8,781.85,428.14,219.26,262.57,128.12,2000.26,0,8895.95,6788.6,1895.73,0,385.58,104.53,1116.33,1325.5,1319.1,6.39
2019-07,660.73,4681.37,50.31,4588.05,3761.38,115.64,1198.96,593.89,600.84,262.57,258.33,299.92,0,6175.45,3482.41,457.04,0,432.8,-157.12,1154.6,1494.07,1481.84,12.23
2019-08,505.79,2762.01,43.3,2668.69,2003.97,115.64,911.27,623.5,283.54,262.57,258.33,-520.26,0,4256.09,1850.74,-363.14,0,432.8,-157.12,1154.6,1494.07,1481.84,12.23
2019-09,535.71,2949.69,54.58,2856.37,2150.44,115.64,968.38,485.98,478.17,262.57,258.33,2225.43,0,4443.77,1981.31,2382.54,0,432.8,-157.12,1154.6,1494.07,1481.84,12.23
2019-10,653.55,4064.01,61.15,3330.47,2495.94,119.84,1417.81,1076.93,287.58,262.57,209.26,2681.52,0,6015.94,2646.2,2580.08,0,1488.87,101.44,1196.59,1951.93,1915.72,36.21
2019-11,536.24,3657.49,57.63,2923.96,2210.24,119.84,887.03,491.84,341.89,262.57,209.26,5961.89,0,5609.42,2770.46,5860.45,0,1488.87,101.44,1196.59,1951.93,1915.72,36.21
2019-12,966.93,5511.98,45.17,4778.44,3646.49,119.84,1185.56,599.81,532.45,262.57,209.26,-509.97,0,7463.91,4326.41,-611.42,0,1488.87,101.44,1196.59,1951.93,1915.72,36.21
2020-01,794.65,6228.83,23.84,5808.03,4751.19,238.35,976.95,877.7,375.36,262.57,538.67,1705.95,0,7585.43,5251.88,2038.58,0,519.99,-332.63,1257.41,1356.61,1353.94,2.67
2020-02,185.79,4019.9,25.86,3599.1,3149.1,238.35,1282.8,615.46,943.45,262.57,538.67,-1480.89,0,5376.51,2737.1,-1148.26,0,519.99,-332.63,1257.41,1356.61,1353.94,2.67
2020-03,1086.02,4936.72,187.98,4515.92,3003.57,238.35,962.55,614.09,624.57,262.57,538.67,-14967.79,0,6293.32,3974.17,-14635.16,0,519.99,-332.63,1257.41,1356.61,1353.94,2.67
2020-04,523.62,1286.45,79.78,2883.75,2168.66,111.69,1100.04,513.14,383.86,251.09,48.05,-1819.93,0,4531.46,186.42,-1971.91,0,345.01,151.98,1302.7,3245.01,3241.61,3.39
2020-05,143.19,754.82,12.92,2352.11,2084.31,111.69,554.77,192.88,158.85,251.09,48.05,-408.9,0,3999.82,200.05,-560.88,0,345.01,151.98,1302.7,3245.01,3241.61,3.39
2020-06,137.53,64.18,4.14,1661.47,1408.12,111.69,978.58,529.16,246.38,251.09,48.05,3326.43,0,3309.18,-914.4,3174.45,0,345.01,151.98,1302.7,3245.01,3241.61,3.39
2020-07,1500.29,4261.17,10.05,3166.71,1538.71,117.65,677.65,419.39,331.84,251.09,324.67,718.47,0,5077.8,3583.53,472.46,0,538.89,246.01,1372.2,816.63,814.9,1.73
2020-08,108.93,18698.79,63.82,17604.32,17313.92,117.65,451.42,328.72,196.28,251.09,324.67,5593.24,0,19515.42,18247.37,5347.24,0,538.89,246.01,1372.2,816.63,814.9,1.73
2020-09,530.97,4117.64,1.68,3023.18,2372.88,117.65,1524.07,453.8,1143.85,251.09,324.67,1423.96,0,4934.27,2593.58,1177.95,0,538.89,246.01,1372.2,816.63,814.9,1.73
2020-10,928.57,4839.94,44.99,5456.41,4357.33,125.52,868.91,617.65,493.59,251.09,493.42,1898.67,0,7150.76,3971.04,1736.89,0,230.42,161.78,1463.94,2310.81,2306.46,4.35
2020-11,1112.03,8023.82,47.91,8640.28,7354.84,125.52,854.19,689.28,407.24,251.09,493.42,11090.93,0,10334.64,7169.64,10929.15,0,230.42,161.78,1463.94,2310.81,2306.46,4.35
2020-12,526.7,7130.1,55.1,7746.56,7039.24,125.52,890.75,642.26,490.82,251.09,493.42,8712.96,0,9440.91,6239.35,8551.18,0,230.42,161.78,1463.94,2310.81,2306.46,4.35
2021-01,332.23,1901.82,585.22,2835.99,1789.4,129.14,420.18,268.48,471.98,251.09,571.37,6521.58,0,4544.65,1481.65,6218.48,0,202.46,303.1,1506.21,2642.83,2631.36,11.47
2021-02,633.19,1781.9,36.3,2716.07,1917.44,129.14,1340.28,358.51,1302.05,251.09,571.37,2156.5,0,4424.73,441.62,1853.4,0,202.46,303.1,1506.21,2642.83,2631.36,11.47
2021-03,613.34,2066.52,6.47,3000.68,2251.73,129.14,1311.25,570.22,1061.31,251.09,571.37,-488.5,0,4709.35,755.27,-791.6,0,202.46,303.1,1506.21,2642.83,2631.36,11.47
2021-04,233.14,4330.01,2.74,4508.45,4203.9,68.67,1931.64,677.29,1153.49,281.57,180.71,-1824.07,0,6299.95,2398.37,-1816.09,0,332.3,-7.98,1459.21,1969.94,1939.34,30.6
2021-05,6075.58,10352.18,68.79,10530.62,4317.58,68.67,1550.61,1188.27,261.48,281.57,180.71,958.48,0,12322.12,8801.57,966.46,0,332.3,-7.98,1459.21,1969.94,1939.34,30.6
2021-06,538.1,2555.24,38.88,2733.67,2088.03,68.67,2201.09,666.07,1434.16,281.57,180.71,1243.72,0,4525.18,354.15,1251.7,0,332.3,-7.98,1459.21,1969.94,1939.34,30.6
2021-07,473.46,2619.84,2.07,2922.02,2373.25,73.23,1067.73,818.39,356.71,281.57,388.93,-1395.73,0,4778.12,1552.1,-1617.79,0,299.97,222.06,1556.13,2158.29,2086.21,72.07
2021-08,1471.46,6003.55,173.75,6305.74,4587.29,73.23,888.97,567.23,429.11,281.57,388.93,3128.43,0,8161.84,5114.58,2906.37,0,299.97,222.06,1556.13,2158.29,2086.21,72.07
2021-09,397.39,4276.38,46.43,4578.56,4061.5,73.23,2245.79,1438.88,914.28,281.57,388.93,2810.92,0,6434.66,2030.58,2588.85,0,299.97,222.06,1556.13,2158.29,2086.21,72.07
2021-10,538.56,2659.21,1104.64,3799.01,2076.25,79.56,1643.33,729.6,824.13,281.57,191.97,-1574.12,0,6056.7,1015.88,-1953.39,0,567,379.27,1690.69,3397.49,3311.87,85.63
2021-11,383.75,3329.61,112.02,4469.42,3894.09,79.56,1137.37,821.79,225.98,281.57,191.97,226.81,0,6727.11,2192.25,-152.47,0,567,379.27,1690.69,3397.49,3311.87,85.63
2021-12,841.72,2851.02,25.15,3990.82,3044.4,79.56,1500.51,1021.57,389.34,281.57,191.97,-3356.45,0,6248.52,1350.52,-3735.72,0,567,379.27,1690.69,3397.49,3311.87,85.63
2022-01,1649.1,6939.29,45.05,6469.93,4693.75,82.03,872.09,811.72,150.56,281.57,371.75,-4125.18,0,8948.52,6067.2,-4433.91,0,735.74,308.73,1742.85,2009.23,1725.59,283.64
2022-02,1233.71,5168.92,18.17,4699.56,3365.64,82.03,511.6,266.51,335.28,281.57,371.75,-5479.63,0,7178.15,4657.32,-5788.36,0,735.74,308.73,1742.85,2009.23,1725.59,283.64
2022-03,307.25,5145.27,60.29,4675.91,4226.34,82.03,2093.29,1053.91,1129.57,281.57,371.75,-4684.16,0,7154.5,3051.98,-4992.89,0,735.74,308.73,1742.85,2009.23,1725.59,283.64
2022-04,557.51,6350.47,62.69,6578.81,5839.17,119.45,1024.62,476.95,363.95,367.65,183.92,-3894.36,0,8420.88,5325.85,-3884.76,0,378.82,-9.59,1463.25,2070.4,1932.22,138.19
2022-05,1667.21,6042.65,203.09,6270.99,4281.24,119.45,731.25,333.31,214.22,367.65,183.92,-4692.43,0,8113.05,5311.4,-4682.84,0,378.82,-9.59,1463.25,2070.4,1932.22,138.19
2022-06,1580.13,3869.39,113.18,4097.73,2284.97,119.45,1114.18,443.37,487.09,367.65,183.92,-6072.08,0,5939.79,2755.21,-6062.49,0,378.82,-9.59,1463.25,2070.4,1932.22,138.19
2022-07,755.82,4562.89,59.92,5096.8,4155.13,125.93,669.61,533.9,169.42,367.65,401.36,493.25,0,7163.95,3893.28,370.06,0,509.7,123.19,1557.45,2601.07,2370.34,230.73
2022-08,375.64,1968.49,26.76,2502.41,1974.09,125.93,1220.18,616.93,636.96,367.65,401.36,7460.04,0,4569.56,748.31,7336.85,0,509.7,123.19,1557.45,2601.07,2370.34,230.73
2022-09,339.47,2565.66,90.38,3099.58,2543.81,125.93,998.29,631.6,400.4,367.65,401.36,-1051.86,0,5166.73,1567.37,-1175.04,0,509.7,123.19,1557.45,2601.07,2370.34,230.73
2022-10,517.3,2176.93,2.68,3149.74,2493.22,136.54,1009.27,841.44,98.36,367.65,298.17,531.33,0,5109.03,1167.66,562.46,0,270.49,-31.14,1688.8,2932.1,2643.94,288.17
2022-11,318.71,1575.16,3.74,2547.97,2088.98,136.54,2583.01,1487.81,1025.73,367.65,298.17,4704.98,0,4507.26,-1007.85,4736.11,0,270.49,-31.14,1688.8,2932.1,2643.94,288.17
2022-12,333.09,3575.14,90.23,4547.95,3988.09,136.54,1704.84,1282.55,352.82,367.65,298.17,-719.16,0,6507.25,1870.3,-688.02,0,270.49,-31.14,1688.8,2932.1,2643.94,288.17
2023-01,592.27,4066.34,29.22,4195.94,3434.4,140.06,702.09,591.93,151.47,367.65,408.96,-2866.77,0,6245.78,3364.25,-2892.32,0,391.1,25.56,1658.74,2179.44,2084.72,94.72
2023-02,736.44,2860.37,0.64,2989.98,2112.83,140.06,1143.89,810.98,374.22,367.65,408.96,-305.95,0,5039.81,1716.48,-331.51,0,391.1,25.56,1658.74,2179.44,2084.72,94.72
2023-03,471.23,2392.47,9.44,2522.08,1901.34,140.06,1118.43,720.14,439.6,367.65,408.96,1585.2,0,4571.91,1274.04,1559.64,0,391.1,25.56,1658.74,2179.44,2084.72,94.72
2023-04,455.21,3911.83,25.13,5212.33,4625.27,106.73,1153.05,773.06,394.11,482.13,496.24,2214.51,0,7387.66,2758.78,2095.04,0,661.79,119.47,1513.53,3475.83,3116.84,358.99
2023-05,543.49,1484.6,14.63,2785.1,2120.25,106.73,818.99,612.03,221.08,482.13,496.24,6105.51,0,4960.43,665.61,5986.04,0,661.79,119.47,1513.53,3475.83,3116.84,358.99
2023-06,637.92,1967.82,4.86,3268.32,2518.81,106.73,662.33,478.91,197.54,482.13,496.24,7769.21,0,5443.64,1305.48,7649.74,0,661.79,119.47,1513.53,3475.83,3116.84,358.99
2023-07,772.21,377.47,53.16,2657.52,1720.73,111.41,1302.33,459.98,648.07,482.13,287.85,4405.64,0,4606.2,-924.85,4292.49,0,368.72,113.15,1579.96,4228.73,4092.52,136.21
2023-08,1224.9,739.06,78.07,3019.1,1604.73,111.41,1278.65,616.28,468.09,482.13,287.85,2993.37,0,4967.79,-539.59,2880.22,0,368.72,113.15,1579.96,4228.73,4092.52,136.21
2023-09,1486.45,1920.24,15.45,4200.29,2586.97,111.41,1289.29,607.25,487.76,482.13,287.85,-2113.04,0,6148.97,630.95,-2226.19,0,368.72,113.15,1579.96,4228.73,4092.52,136.21
2023-10,3578.39,5277.11,2.16,6459.19,2757.46,121.17,1470.2,956.34,220.4,482.13,188.67,-1854.75,0,8592.89,3806.91,-1741.13,0,415.37,-113.61,1718.34,3315.79,2924.19,391.6
2023-11,951.95,1775.66,30.79,2957.74,1853.83,121.17,971.33,497.09,180.78,482.13,188.67,4084.35,0,5091.44,804.33,4197.96,0,415.37,-113.61,1718.34,3315.79,2924.19,391.6
2023-12,992.53,1313.22,103.12,2495.3,1278.48,121.17,1968,901.54,773,482.13,188.67,9441.72,0,4629.01,-654.77,9555.33,0,415.37,-113.61,1718.34,3315.79,2924.19,391.6
2024-01,332.31,4553.57,146.79,6120.1,5515.66,125.34,871.29,414.45,209.98,482.13,235.26,-76.66,0,8357.17,3682.28,-139.1,0,459.57,62.45,1777.49,3803.59,3644.59,159
2024-02,466.18,1207.73,46.82,2774.26,2135.93,125.34,1230.67,684.06,299.75,482.13,235.26,3808.05,0,5011.33,-22.94,3745.61,0,459.57,62.45,1777.49,3803.59,3644.59,159
2024-03,571,2301.5,64.3,3868.03,3107.39,125.34,3662.11,2109.79,1305.46,482.13,235.26,7847.75,0,6105.1,-1360.61,7785.3,0,459.57,62.45,1777.49,3803.59,3644.59,159
2024-04,166.48,3052.49,11.43,4984.38,4731.82,74.64,1273.59,715.19,370.29,570.52,382.41,-2699.22,0,7109.63,1778.9,-2683.38,0,383.59,-15.84,1741.66,4057.14,3891.08,166.06
2024-05,1986.19,3996.02,79.58,5927.91,3787.49,74.64,1792.91,1168.12,436.68,570.52,382.41,-1836.49,0,8053.16,2203.11,-1820.65,0,383.59,-15.84,1741.66,4057.14,3891.08,166.06
2024-06,2051.99,3557.37,118.15,5489.26,3244.47,74.64,1315.72,844.34,283.27,570.52,382.41,5432.93,0,7614.51,2241.65,5448.77,0,383.59,-15.84,1741.66,4057.14,3891.08,166.06
2024-07,1002.39,331.41,111.8,3291.06,2099.25,77.62,3019.4,2371.92,259.66,570.52,182.69,5828.14,0,5538.84,-2687.99,5839.8,0,436.18,-11.66,1811.59,5207.42,5005.37,202.05
2024-08,2063.72,3510.78,55.69,6470.43,4273.41,77.62,2468.37,1329.89,750.66,570.52,182.69,4286.14,0,8718.2,1042.41,4297.8,0,436.18,-11.66,1811.59,5207.42,5005.37,202.05
2024-09,1515.97,1124.45,3.31,4084.09,2487.2,77.62,2299.81,881.49,1030.5,570.52,182.69,9700.79,0,6331.87,-1175.37,9712.45,0,436.18,-11.66,1811.59,5207.42,5005.37,202.05
2024-10,549.84,1763.67,148.55,4307.36,3524.2,84.77,1892.17,985.33,640.69,570.52,304.36,-10947.74,0,7169.53,-128.51,-10926.87,0,884.24,-20.87,1977.93,5405.87,5212.27,193.6
2024-11,537.26,-173.8,71.88,2369.9,1675.99,84.77,2318.96,1086.71,966.1,570.52,304.36,-2277.81,0,5232.07,-2492.76,-2256.94,0,884.24,-20.87,1977.93,5405.87,5212.27,193.6
2024-12,1583.24,1914.65,1247.5,4458.35,1542.83,84.77,2103.58,1240.77,596.66,570.52,304.36,1790.91,0,7320.52,-188.93,1811.78,0,884.24,-20.87,1977.93,5405.87,5212.27,193.6
2025-01,759.22,3598.5,16.09,3451.16,2587.78,88.07,2027.13,1212.17,566.74,570.52,322.3,-5974.82,0,6089.95,1571.38,-5929.48,0,583.78,-45.33,2055.01,2491.45,2399.74,91.71
2025-02,502.5,3066.43,37.08,2919.09,2291.44,88.07,3769.56,2700.63,820.71,570.52,322.3,-4017.01,0,5557.88,-703.13,-3971.68,0,583.78,-45.33,2055.01,2491.45,2399.74,91.71
2025-03,404.87,3387.57,306.89,3240.22,2440.39,88.07,3889.44,2408.3,1232.92,570.52,322.3,3997.2,0,5879.01,-501.87,4042.53,0,583.78,-45.33,2055.01,2491.45,2399.74,91.71
2025-04,1565.78,4964.86,296.72,6822.22,4696.49,263.23,3351.95,1963.8,950.05,643.11,205.01,-1837.86,0,9242.76,1612.91,-2128.68,0,462.03,290.82,1958.51,4277.9,4025.51,252.39
2025-05,1602.98,3562.94,59.87,5420.29,3494.22,263.23,2661.68,816.27,1407.31,643.11,205.01,1592.57,0,7840.84,901.25,1301.76,0,462.03,290.82,1958.51,4277.9,4025.51,252.39
2025-06,571.34,5317.76,1003.87,7175.11,5336.68,263.23,3015.45,2062.59,514.76,643.11,205.01,2725.99,0,9595.66,2302.3,2435.17,0,462.03,290.82,1958.51,4277.9,4025.51,252.39
2025-07,2305.57,6939.27,10.89,8956.19,6366.19,273.54,2663.2,1621.39,660.4,643.11,261.7,-2436.68,0,11554.45,4276.07,-2529.53,0,562.97,92.85,2035.29,4615.18,4421.72,193.45
2025-08,798.13,1991.08,141.33,4007.99,2794.99,273.54,2101.06,1355.93,363.72,643.11,261.7,-2503.25,0,6606.26,-109.99,-2596.1,0,562.97,92.85,2035.29,4615.18,4421.72,193.45
2025-09,582.31,2391.58,32.37,4408.5,3520.27,273.54,4674.19,3355.18,937.6,643.11,261.7,-528.46,0,7006.76,-2282.61,-621.31,0,562.97,92.85,2035.29,4615.18,4421.72,193.45
2025-10,1050.58,643.59,4.64,3880.46,2526.93,298.31,3107.2,1947.16,734.4,643.11,217.47,3451.17,0,6618.77,-2463.62,3420.3,0,518.76,30.87,2219.54,5975.18,5757.72,217.46
2025-11,1888.17,694.19,81.14,3931.06,1663.45,298.31,1397.86,712.55,259.67,643.11,217.47,652.98,0,6669.37,-703.68,622.11,0,518.76,30.87,2219.54,5975.18,5757.72,217.46
2025-12,1222.64,2541.01,49.99,5777.88,4206.94,298.31,3032.59,1952.99,653.96,643.11,217.47,-4188.78,0,8516.19,-491.58,-4219.66,0,518.76,30.87,2219.54,5975.18,5757.72,217.46
2026-01,555.71,749.71,73.81,2659.5,1719.81,310.17,2135.7,1616.31,410.63,643.11,534.35,-2406.57,0,5665.28,-1385.99,-1924.4,0,698,-482.17,2307.79,4915.57,4867.78,47.79
