date,exports_inr,exports_usd,imports_inr,imports_usd,non_oil_exports_inr,non_oil_exports_usd,non_oil_imports_inr,non_oil_imports_usd,non_oil_trade_balance_inr,oil_exports_inr,oil_exports_usd,oil_imports_inr,oil_imports_usd,oil_trade_balance_inr,oil_trade_balance_usd,trade_balance_inr,trade_balance_usd
1990-04,2480,1435,3234,1872,,,,,,,,,,,,-754,-436
1990-05,2597,1496,3129,1802,,,,,,,,,,,,-532,-306
1990-06,2303,1322,2878,1652,,,,,,,,,,,,-575,-330
1990-07,2556,1471,3058,1760,,,,,,,,,,,,-502,-289
1990-08,2583,1484,3223,1852,,,,,,,,,,,,-640,-368
1990-09,2582,1447,3825,2144,,,,,,,,,,,,-1243,-697
1990-10,2559,1414,3738,2066,,,,,,,,,,,,-1180,-652
1990-11,2632,1456,4472,2474,,,,,,,,,,,,-1840,-1018
1990-12,2920,1613,4143,2289,,,,,,,,,,,,-1223,-676
1991-01,3036,1660,4123,2254,,,,,,,,,,,,-1086,-594
1991-02,2866,1519,3657,1938,,,,,,,,,,,,-791,-419
1991-03,3439,1791,3714,1934,,,,,,,,,,,,-275,-143
1991-04,2977,1501,3072,1548,,,,,,,,,,,,-94,-48
1991-05,2732,1330,3224,1570,,,,,,,,,,,,-492,-240
1991-06,2666,1269,3615,1721,,,,,,,,,,,,-950,-452
1991-07,3376,1326,3391,1332,,,,,,,,,,,,-15,-6
1991-08,3645,1422,3927,1532,,,,,,,,,,,,-281,-110
1991-09,3931,1518,4083,1577,,,,,,,,,,,,-152,-59
1991-10,3668,1421,4338,1681,,,,,,,,,,,,-670,-260
1991-11,3670,1420,3996,1546,,,,,,,,,,,,-325,-126
1991-12,4117,1591,4799,1855,,,,,,,,,,,,-683,-264
1992-01,4500,1732,4338,1669,,,,,,,,,,,,162,62
1992-02,3938,1520,4379,1691,,,,,,,,,,,,-441,-170
1992-03,4822,1720,4690,1673,,,,,,,,,,,,132,47
1992-04,4009,1387,5173,1789,,,,,,,,,,,,-1164,-403
1992-05,3789,1327,5224,1829,,,,,,,,,,,,-1435,-502
1992-06,3887,1364,5717,2006,,,,,,,,,,,,-1830,-642
1992-07,4052,1421,5647,1981,,,,,,,,,,,,-1595,-559
1992-08,4519,1591,4933,1736,,,,,,,,,,,,-414,-146
1992-09,4323,1523,5406,1904,,,,,,,,,,,,-1083,-381
1992-10,4449,1567,4773,1682,,,,,,,,,,,,-324,-114
1992-11,4310,1517,5294,1864,,,,,,,,,,,,-983,-346
1992-12,4274,1480,5542,1919,,,,,,,,,,,,-1268,-439
1993-01,4544,1566,4659,1606,,,,,,,,,,,,-115,-40
1993-02,5310,1766,5516,1834,,,,,,,,,,,,-206,-68
1993-03,6224,1974,5493,1743,,,,,,,,,,,,730,232
1993-04,5616,1794,5467,1746,,,,,,,,,,,,149,48
1993-05,5299,1691,5466,1745,,,,,,,,,,,,-168,-54
1993-06,5331,1697,6213,1978,,,,,,,,,,,,-882,-281
1993-07,5767,1839,6190,1973,,,,,,,,,,,,-422,-135
1993-08,5458,1740,5800,1849,,,,,,,,,,,,-341,-109
1993-09,5205,1659,5975,1905,,,,,,,,,,,,-770,-245
1993-10,5633,1796,5803,1850,,,,,,,,,,,,-171,-54
1993-11,5276,1682,5790,1846,,,,,,,,,,,,-515,-164
1993-12,6027,1921,7075,2255,,,,,,,,,,,,-1048,-334
1994-01,6545,2087,5891,1878,,,,,,,,,,,,654,209
1994-02,6415,2045,5879,1874,,,,,,,,,,,,536,171
1994-03,7179,2288,7553,2407,,,,,,,,,,,,-374,-119
1994-04,6368,2030,6352,2025,,,,,,,,,,,,15,5
1994-05,5760,1836,6104,1946,,,,,,,,,,,,-344,-110
1994-06,5798,1848,6409,2043,,,,,,,,,,,,-611,-195
1994-07,5970,1903,6900,2199,,,,,,,,,,,,-930,-296
1994-08,6810,2171,7287,2323,,,,,,,,,,,,-477,-152
1994-09,6645,2118,7653,2440,,,,,,,,,,,,-1008,-321
1994-10,7113,2267,8227,2622,,,,,,,,,,,,-1114,-355
1994-11,6517,2076,7547,2404,,,,,,,,,,,,-1030,-328
1994-12,7384,2352,8415,2681,,,,,,,,,,,,-1032,-329
1995-01,7363,2347,7442,2372,,,,,,,,,,,,-80,-25
1995-02,7388,2355,8099,2581,,,,,,,,,,,,-711,-226
1995-03,9559,3020,9535,3012,,,,,,,,,,,,24,8
1995-04,7833,2494,7750,2467,,,,,,,,,,,,83,27
1995-05,7511,2391,9475,3016,,,,,,,,,,,,-1965,-625
1995-06,7594,2418,9052,2883,,,,,,,,,,,,-1458,-464
1995-07,7890,2514,9682,3086,,,,,,,,,,,,-1792,-571
1995-08,8135,2576,9586,3035,,,,,,,,,,,,-1451,-460
1995-09,7957,2396,10052,3027,,,,,,,,,,,,-2095,-631
1995-10,8675,2512,9707,2811,,,,,,,,,,,,-1032,-299
1995-11,9275,2670,11389,3278,,,,,,,,,,,,-2114,-609
1995-12,10275,2939,10979,3141,,,,,,,,,,,,-704,-201
1996-01,9526,2665,12187,3410,,,,,,,,,,,,-2662,-745
1996-02,9773,2668,10850,2962,,,,,,,,,,,,-1077,-294
1996-03,11910,3463,11969,3480,,,,,,,,,,,,-59,-17
1996-04,9956,2908,10426,3045,,,,,,,,,,,,-470,-137
1996-05,9613,2746,11721,3348,,,,,,,,,,,,-2108,-602
1996-06,9220,2636,10031,2868,,,,,,,,,,,,-811,-232
1996-07,9548,2689,10429,2937,,,,,,,,,,,,-881,-248
1996-08,9631,2698,10789,3023,,,,,,,,,,,,-1158,-324
1996-09,9460,2648,10573,2959,,,,,,,,,,,,-1114,-312
1996-10,9499,2665,11506,3228,,,,,,,,,,,,-2007,-563
1996-11,9007,2520,12235,3424,,,,,,,,,,,,-3228,-903
1996-12,10049,2804,11689,3262,,,,,,,,,,,,-1640,-458
1997-01,10549,2941,13923,3882,,,,,,,,,,,,-3374,-941
1997-02,9853,2745,12813,3570,,,,,,,,,,,,-2960,-825
1997-03,12433,3466,12785,3564,,,,,,,,,,,,-352,-98
1997-04,9437,2635,11388,3180,,,,,,,,,,,,-1952,-545
1997-05,10905,3045,12547,3503,,,,,,,,,,,,-1642,-459
1997-06,10116,2825,11984,3347,,,,,,,,,,,,-1868,-522
1997-07,10677,2988,12699,3553,,,,,,,,,,,,-2022,-566
1997-08,10125,2819,10991,3060,,,,,,,,,,,,-866,-241
1997-09,10955,3007,11566,3175,,,,,,,,,,,,-611,-168
1997-10,10920,3014,12989,3586,,,,,,,,,,,,-2069,-571
1997-11,9680,2600,12285,3299,,,,,,,,,,,,-2605,-700
1997-12,11423,2913,14575,3717,,,,,,,,,,,,-3153,-804
1998-01,11616,2949,14078,3575,,,,,,,,,,,,-2462,-625
1998-02,11448,2944,14400,3703,,,,,,,,,,,,-2951,-759
1998-03,12801,3241,14677,3716,,,,,,,,,,,,-1875,-475
1998-04,10763,2714,14218,3585,,,,,,,,,,,,-3455,-871
1998-05,10189,2518,15168,3748,,,,,,,,,,,,-4979,-1230
1998-06,10498,2485,13356,3162,,,,,,,,,,,,-2858,-677
1998-07,11822,2781,16673,3922,,,,,,,,,,,,-4851,-1141
1998-08,12764,2985,14578,3410,,,,,,,,,,,,-1814,-424
1998-09,11367,2673,15699,3692,,,,,,,,,,,,-4332,-1019
1998-10,11045,2609,14584,3445,,,,,,,,,,,,-3539,-836
1998-11,11760,2775,14767,3484,,,,,,,,,,,,-3007,-710
1998-12,11857,2786,15034,3533,,,,,,,,,,,,-3177,-747
1999-01,11658,2743,14642,3445,,,,,,,,,,,,-2985,-702
1999-02,12118,2854,13937,3282,,,,,,,,,,,,-1819,-428
1999-03,13914,3278,15676,3693,,,,,,,,,,,,-1763,-415
1999-04,11683,2735,14220,3328,,,,,,,,,,,,-2537,-594
1999-05,11428,2672,15641,3657,,,,,,,,,,,,-4213,-985
1999-06,11923,2764,15842,3673,,,,,,,,,,,,-3919,-909
1999-07,13602,3143,18209,4207,,,,,,,,,,,,-4607,-1064
1999-08,13772,3169,18145,4175,,,,,,,,,,,,-4373,-1006
1999-09,13799,3170,20151,4629,,,,,,,,,,,,-6352,-1459
1999-10,13635,3138,18020,4147,,,,,,,,,,,,-4385,-1009
1999-11,12743,2937,17865,4117,,,,,,,,,,,,-5122,-1180
1999-12,13341,3068,20070,4615,,,,,,,,,,,,-6729,-1548
2000-01,11966,2748,16894,3879,,,,,,,,,,,,-4928,-1132
2000-02,14846,3404,18947,4344,,,,,,,,,,,,-4101,-940
2000-03,16823,3860,21233,4871,,,,,,,,,,,,-4409,-1012
2000-04,14444,3310,19206,4401,,,,,,,,,,,,-4762,-1091
2000-05,15732,3577,19223,4371,,,,,,,,,,,,-3491,-794
2000-06,15440,3455,17999,4028,,,,,,,,,,,,-2559,-573
2000-07,15791,3526,20092,4487,,,,,,,,,,,,-4301,-961
2000-08,16762,3670,18240,3993,,,,,,,,,,,,-1478,-324
2000-09,17658,3848,19499,4249,,,,,,,,,,,,-1841,-401
2000-10,17235,3719,19761,4264,,,,,,,,,,,,-2526,-545
2000-11,16857,3604,21975,4698,,,,,,,,,,,,-5118,-1094
2000-12,17098,3657,18587,3976,,,,,,,,,,,,-1489,-319
2001-01,17064,3666,18648,4007,,,,,,,,,,,,-1584,-340
2001-02,17186,3695,16081,3457,,,,,,,,,,,,1106,238
2001-03,20089,4309,21563,4625,,,,,,,,,,,,-1474,-316
2001-04,14573,3115,19153,4094,,,,,,,,,,,,-4580,-979
2001-05,17029,3629,21932,4674,,,,,,,,,,,,-4903,-1045
2001-06,16979,3612,18883,4017,,,,,,,,,,,,-1970,-405
2001-07,16181,3433,23204,4923,,,,,,,,,,,,-7023,-1490
2001-08,17186,3647,20605,4372,,,,,,,,,,,,-3419,-726
2001-09,17637,3702,18591,3902,,,,,,,,,,,,-953,-200
2001-10,17853,3718,19653,4093,,,,,,,,,,,,-1800,-375
2001-11,17165,3576,19956,4158,,,,,,,,,,,,-2791,-582
2001-12,15574,3250,19544,4079,,,,,,,,,,,,-3969,-828
2002-01,20555,4253,20505,4243,,,,,,,,,,,,49,10
2002-02,17212,3535,18300,3759,,,,,,,,,,,,-1089,-224
2002-03,20182,4141,21605,4433,,,,,,,,,,,,-1423,-292
2002-04,19740,4035,20581,4207,,,,,,,,,,,,-841,-172
2002-05,19992,4080,25385,5181,,,,,,,,,,,,-5393,-1101
2002-06,19407,3963,20814,4251,,,,,,,,,,,,-1407,-287
2002-07,22350,4583,23765,4874,,,,,,,,,,,,-1416,-290
2002-08,21970,4522,23619,4861,,,,,,,,,,,,-1649,-339
2002-09,21723,4484,24635,5086,,,,,,,,,,,,-2913,-601
2002-10,22987,4752,27055,5593,,,,,,,,,,,,-4067,-841
2002-11,19537,4049,24473,5072,,,,,,,,,,,,-4935,-1023
2002-12,19184,3985,23935,4972,,,,,,,,,,,,-4752,-987
2003-01,23246,4850,26703,5571,,,,,,,,,,,,-3457,-721
2003-02,20459,4286,22106,4631,,,,,,,,,,,,-1646,-345
2003-03,24541,5151,28062,5891,,,,,,,,,,,,-3521,-739
2003-04,20438,4314,27309,5764,,,,,,,,,,,,-6870,-1450
2003-05,22111,4696,29072,6175,,,,,,,,,,,,-6961,-1479
2003-06,20543,4398,26750,5727,,,,,,,,,,,,-6207,-1329
2003-07,21435,4637,26739,5784,,,,,,,,,,,,-5304,-1147
2003-08,20744,4516,26572,5785,,,,,,,,,,,,-5828,-1269
2003-09,25129,5481,28908,6305,,,,,,,,,,,,-3779,-824
2003-10,25456,5609,31855,7019,,,,,,,,,,,,-6400,-1410
2003-11,22315,4902,29441,6467,,,,,,,,,,,,-7126,-1565
2003-12,27902,6120,33961,7450,,,,,,,,,,,,-6059,-1329
2004-01,23711,5216,31354,6898,,,,,,,,,,,,-7643,-1682
2004-02,28188,6227,30982,6844,,,,,,,,,,,,-2794,-617
2004-03,35396,7863,36167,8034,,,,,,,,,,,,-771,-171
2004-04,24791,5643,30695,6987,,,,,,,,,,,,-5905,-1344
2004-05,26983,5963,36530,8073,,,,,,,,,,,,-9547,-2110
2004-06,27614,6068,39669,8717,,,,,,,,,,,,-12055,-2649
2004-07,26792,5819,36244,7872,,,,,,,,,,,,-9453,-2053
2004-08,27726,5983,37684,8132,,,,,,,,,,,,-9958,-2149
2004-09,31894,6919,43422,9420,,,,,,,,,,,,-11528,-2501
2004-10,29846,6519,41155,8989,,,,,,,,,,,,-11308,-2470
2004-11,31974,7086,42228,9358,,,,,,,,,,,,-10254,-2272
2004-12,32354,7357,45989,10457,,,,,,,,,,,,-13636,-3101
2005-01,35854,8194,48169,11009,,,,,,,,,,,,-12315,-2815
2005-02,35147,8046,45238,10357,,,,,,,,,,,,-10092,-2310
2005-03,44367,10155,54043,12369,,,,,,,,,,,,-9676,-2215
2005-04,33595,7680,49586,11336,,,,,,,,,,,,-15991,-3656
2005-05,34689,7977,57545,13232,,,,,,,,,,,,-22856,-5255
2005-06,34402,7893,51440,11803,,,,,,,,,,,,-17039,-3909
2005-07,32619,7492,50107,11509,,,,,,,,,,,,-17488,-4017
2005-08,37392,8571,55665,12760,,,,,,,,,,,,-18273,-4189
2005-09,37138,8457,56632,12896,,,,,,,,,,,,-19494,-4439
2005-10,38643,8622,53256,11883,,,,,,,,,,,,-14612,-3260
2005-11,33348,7293,51789,11326,,,,,,,,,,,,-18441,-4033
2005-12,42151,9235,56547,12390,,,,,,,,,,,,-14396,-3154
2006-01,40703,9168,57245,12894,,,,,,,,,,,,-16542,-3726
2006-02,40141,9055,51136,11535,,,,,,,,,,,,-10994,-2480
2006-03,51426,11561,63672,14314,,,,,,,,,,,,-12246,-2753
2006-04,38768.7,8625,58094.6,12924.5,,,,,,,,,,,,-19325.9,-4299.5
2006-05,45905.3,10109.7,68592.4,15106,,,,,,,,,,,,-22687.1,-4996.3
2006-06,47990.4,10420,66321.2,14400.1,,,,,,,,,,,,-18330.8,-3980.1
2006-07,49244.1,10600.1,69616.3,14985.4,,,,,,,,,,,,-20372.2,-4385.3
2006-08,50117.9,10769.5,71326,15326.7,,,,,,,,,,,,-21208.1,-4557.2
2006-09,49608.6,10756.9,80019.8,17351.1,,,,,,,,,,,,-30411.2,-6594.2
2006-10,45142.8,9928.6,79624.6,17512.4,,,,,,,,,,,,-34481.8,-7583.8
2006-11,44758.1,9979.4,73471,16381.2,,,,,,,,,,,,-28712.9,-6401.8
2006-12,48359.7,10834.5,69986,15679.6,,,,,,,,,,,,-21626.3,-4845.1
2007-01,48619.3,10967,64046.8,14446.9,,,,,,,,,,,,-15427.5,-3479.9
2007-02,46636.3,10561.2,63962.2,14484.7,,,,,,,,,,,,-17325.9,-3923.5
2007-03,56628.1,12862.4,75445.4,17136.6,,,,,,,,,,,,-18817.3,-4274.2
2007-04,47740.5,11326.8,77428.7,18370.6,,,,,,,,,,,,-29688.2,-7043.8
2007-05,50796.2,12455.7,86250.7,21149.5,,,,,,,,,,,,-35454.5,-8693.8
2007-06,49340.1,12101,81612.3,20016,,,,,,,,,,,,-32272.2,-7915
2007-07,50571.1,12513.3,85388.9,21128.6,,,,,,,,,,,,-34817.8,-8615.3
2007-08,51600.4,12640.6,83136,20365.9,,,,,,,,,,,,-31535.6,-7725.3
2007-09,50511.5,12521.4,73489.2,18217.5,,,,,,,,,,,,-22977.7,-5696
2007-10,57982,14674.7,86263.6,21832.6,,,,,,,,,,,,-28281.6,-7157.8
2007-11,50909.7,12909.3,87170.6,22104.1,,,,,,,,,,,,-36260.9,-9194.8
2007-12,57682.1,14625.5,79340,20116.9,,,,,,,,,,,,-21657.9,-5491.4
2008-01,58623.8,14889.1,89946.8,22844.4,,,,,,,,,,,,-31323,-7955.3
2008-02,60060.7,15116.2,82661.2,20804.4,,,,,,,,,,,,-22600.5,-5688.2
2008-03,69630.5,17254,95134.1,23573.7,,,,,,,,,,,,-25503.6,-6319.6
2008-04,73882.8,18460.4,121335.4,30316.9,,,,,,,,,,,,-47452.6,-11856.5
2008-05,78717.4,18686.6,124031.2,29443.6,,,,,,,,,,,,-45313.8,-10757
2008-06,82133.1,19180.9,123967.1,28950.6,,,,,,,,,,,,-41834,-9769.7
2008-07,81522.5,19030.4,135477.1,31625.5,,,,,,,,,,,,-53954.6,-12595
2008-08,76253.9,17759.3,143940.1,33523.2,,,,,,,,,,,,-67686.2,-15763.9
2008-09,71940.6,15789.1,141865.3,31135.7,,,,,,,,,,,,-69924.7,-15346.6
2008-10,68754.3,14130.8,125868.3,25869.3,,,,,,,,,,,,-57113.9,-11738.4
2008-11,54699.4,11163.3,115090.6,23488.2,,,,,,,,,,,,-60391.2,-12324.9
2008-12,65015.5,13368.2,94624.8,19456.3,,,,,,,,,,,,-29609.3,-6088.1
2009-01,62844.4,12869,89015.1,18228.2,,,,,,,,,,,,-26170.8,-5359.1
2009-02,58822.4,11940.9,74198.1,15062.2,,,,,,,,,,,,-15375.7,-3121.3
2009-03,66168.8,12916.3,85022.4,16596.6,,,,,,,,,,,,-18853.6,-3680.3
2009-04,62455.7,12475.7,96823.4,19340.7,,,,,,,,,,,,-34367.6,-6865
2009-05,59775.5,12316.5,97242.7,20036.4,,,,,,,,,,,,-37467.1,-7719.9
2009-06,64999.1,13606.3,110136.9,23055,,,,,,,,,,,,-45137.7,-9448.7
2009-07,69524,14341.3,105311.6,21723.5,,,,,,,,,,,,-35787.6,-7382.2
2009-08,65669.6,13586.3,108505.7,22448.7,,,,,,,,,,,,-42836.1,-8862.3
2009-09,70838.2,14624.2,104275.4,21527.2,,,,,,,,,,,,-33437.2,-6903
2009-10,69175.4,14806,121175,25935.8,,,,,,,,,,,,-51999.6,-11129.8
2009-11,69537.5,14932.7,116401.9,24996.5,,,,,,,,,,,,-46864.4,-10063.8
2009-12,76907,16493.5,131733.1,28251.4,,,,,,,,,,,,-54826.1,-11758
2010-01,71499.9,15557.1,116126.7,25267,,,,,,,,,,,,-44626.8,-9709.9
2010-02,73002.4,15757.7,121211.5,26163.8,,,,,,,,,,,,-48209.1,-10406.1
2010-03,92149.3,20254.1,134791.9,29626.9,,,,,,,,,,,,-42642.6,-9372.8
2010-04,80718.1,18139.1,140951.9,31674.9,,,,,,,,,,,,-60233.8,-13535.8
2010-05,79171.3,17282,136276.1,29747.1,,,,,,,,,,,,-57104.8,-12465.2
2010-06,96240.4,20667.1,133408.1,28648.6,,,,,,,,,,,,-37167.7,-7981.6
2010-07,79410.1,16954.5,138965.8,29669.9,,,,,,,,,,,,-59555.6,-12715.4
2010-08,82660,17750.4,126234.7,27107.7,,,,,,,,,,,,-43574.7,-9357.2
2010-09,87444.2,18984.2,135936,29511.8,,,,,,,,,,,,-48491.8,-10527.6
2010-10,84739,19080.8,144164.7,32461.7,,,,,,,,,,,,-59425.7,-13380.9
2010-11,101628.9,22575,129843.3,28842.3,,,,,,,,,,,,-28214.4,-6267.3
2010-12,105438.4,23349.4,142293.9,31511.1,,,,,,,,,,,,-36855.5,-8161.7
2011-01,103005.7,22691.8,151403.3,33353.6,,,,,,,,,,,,-48397.6,-10661.8
2011-02,105608.6,23243.5,149817.3,32973.4,,,,,,,,,,,,-44208.7,-9729.9
2011-03,136857.1,30418.5,154171.9,34267,,,,,,,,,,,,-17314.8,-3848.5
2011-04,104134.2811,23469.524697,162375.8377,36595.861501,81412.9899,18348.656727,104677.0029,23591.841951,-23264.013,22721.2912,5120.86797,57698.8348,13004.01955,-34977.5436,-7883.15158,-58241.5565,-13126.336804
2011-05,119095.3901,26521.927621,203211.9026,45254.240153,95255.0288,21212.802408,144189.3233,32110.216883,-48934.2946,23840.3613,5309.125213,59022.5793,13144.02327,-35182.218,-7834.898057,-84116.5126,-18732.312532
2011-06,119024.1069,26536.13253,183224.579,40849.469998,96838.4912,21589.903969,123672.4803,27572.475802,-26833.9891,22185.6157,4946.228561,59552.0987,13276.994196,-37366.483,-8330.765635,-64200.472,-14313.337468
2011-07,117379.7978,26426.535021,182581.632,41105.880124,96656.7391,21761.007846,125092.1284,28162.865978,-28435.3892,20723.0587,4665.527175,57489.5037,12943.014146,-36766.445,-8277.486971,-65201.8342,-14679.345103
2011-08,112148.1247,24768.351766,181045.8684,39984.687841,92283.1743,20381.099818,124421.4694,27478.967944,-32138.2951,19864.9504,4387.251948,56624.399,12505.719897,-36759.4487,-8118.467949,-68897.7438,-15216.336075
2011-09,126520.2786,26561.19713,189372.0754,39756.06996,103327.8853,21692.272236,138025.2493,28976.508069,-34697.364,23192.3934,4868.924894,51346.8261,10779.561891,-28154.4328,-5910.636997,-62851.7968,-13194.87283
2011-10,116406.3724,23632.020963,202819.7023,41175.060753,95310.1124,19349.201935,147481.6907,29940.718328,-52171.5783,21096.26,4282.819028,55338.0116,11234.342425,-34241.7516,-6951.523397,-86413.3299,-17543.03979
2011-11,118341.3482,23269.706046,198861.133,39102.479349,96378.4943,18951.104287,135613.3599,26665.937808,-39234.8656,21962.8539,4318.601759,63247.7731,12436.541541,-41284.9193,-8117.939782,-80519.7849,-15832.773303
2011-12,133618.6108,25365.693663,210939.6856,40044.058372,110301.9894,20939.347123,149419.8281,28365.341997,-39117.8387,23316.6214,4426.34654,61519.8575,11678.716375,-38203.2361,-7252.369835,-77321.0748,-14678.364709
2012-01,130294.0156,25379.050518,220514.5414,42952.469339,107180.4695,20876.926209,144166.8431,28081.240663,-36986.3735,23113.546,4502.124309,76347.6983,14871.228676,-53234.1523,-10369.104367,-90220.5258,-17573.418821
2012-02,123873.6596,25194.420517,197251.2096,40118.536519,104632.1982,21280.937433,132739.0379,26997.532503,-28106.8397,19241.4614,3913.483084,64512.1717,13121.004016,-45270.7103,-9207.520932,-73377.55,-14924.116002
2012-03,145123.4094,28839.37,213265.0774,42380.69,118467.0001,23542.13,132889.9468,26408.3,-14422.9467,26656.4093,5297.24,80375.1306,15972.39,-53718.7213,-10675.15,-68141.668,-13541.32
2012-04,123270.6022,23791.85609,197772.1614,38171.037579,98957.9833,19099.396423,127548.6208,24617.535489,-28590.6375,24312.619,4692.459667,70223.5405,13553.50209,-45910.9216,-8861.042423,-74501.5591,-14379.181489
2012-05,135211.0452,24821.435239,229809.1043,42187.32125,111274.4846,20427.269146,150397.9979,27609.387671,-39123.5133,23936.5606,4394.166093,79411.1064,14577.933579,-55474.5458,-10183.767486,-94598.0591,-17365.886011
2012-06,139651.1445,24924.263172,202590.4715,36157.370675,116220.1712,20742.416006,139679.7432,24929.367137,-23459.572,23430.9733,4181.847166,62910.7284,11228.003538,-39479.755,-7046.156372,-62939.327,-11233.107503
2012-07,128192.297,23099.875455,225416.7951,40619.444564,105193.4476,18955.550337,148740.2434,26802.555096,-43546.7958,22998.8494,4144.325118,76676.5517,13816.889468,-53677.7023,-9672.56435,-97224.4981,-17519.569109
2012-08,128534.679,23134.474792,207278.4225,37307.265749,102998.9953,18538.402858,136130.2247,24501.568505,-33131.2294,25535.6837,4596.071934,71148.1978,12805.697244,-45612.514,-8209.62531,-78743.7434,-14172.790957
2012-09,135978.6285,24902.002444,229624.0364,42051.448384,106124.0126,19434.674801,153015.047,28021.911184,-46891.0344,29854.6159,5467.327643,76608.9894,14029.5372,-46754.3734,-8562.209557,-93645.4078,-17149.44594
2012-10,127431.8129,24032.900826,234597.6285,44243.752076,94787.4043,17876.354706,155286.3078,29286.097005,-60498.9035,32644.4086,6156.54612,79311.3207,14957.655071,-46666.9121,-8801.108951,-107165.8156,-20210.85125
2012-11,127358.8764,23250.938695,221590.056,40454.0064,97870.9032,17867.544344,149795.1882,27346.965006,-51924.2849,29487.9732,5383.394351,71794.8678,13107.041394,-42306.8946,-7723.647043,-94231.1796,-17203.067705
2012-12,139119.8521,25457.539516,235261.9137,43050.573666,107764.8352,19719.885499,160090.6487,29294.985156,-52325.8135,31355.0169,5737.654017,75171.265,13755.58851,-43816.248,-8017.934493,-96142.0615,-17593.03415
2013-01,140002.5898,25775.191177,243093.1075,44754.681249,112027.7878,20624.8874,163430.8676,30088.456469,-51403.0798,27974.802,5150.303777,79662.2399,14666.22478,-51687.4379,-9515.921003,-103090.5176,-18979.490072
2013-02,143407.8499,26668.77,219353.5627,40791.99,113947.6622,21190.22,143348.4844,26657.742538,-29400.8222,29460.1877,5478.55,76005.0783,14134.247462,-46544.8906,-8655.697462,-75945.7128,-14123.22
2013-03,166159.4604,30541.41,222774.6973,40947.79,136361.1448,25064.24,149827.7243,27539.55,-13466.5795,29798.3156,5477.17,72946.973,13408.24,-43148.6574,-7931.07,-56615.2369,-10406.38
2013-04,133353.9002,24524.539576,226078.6605,41577.149493,105495.6961,19401.25765,156351.8585,28753.994679,-50856.1624,27858.2041,5123.281926,69726.8019,12823.154814,-41868.5979,-7699.872888,-92724.7603,-17052.609917
2013-05,137103.0836,24922.939445,241976.5449,43987.097928,111589.9626,20285.100864,164333.373,29872.929086,-52743.4103,25513.121,4637.838581,77643.172,14114.168842,-52130.051,-9476.330261,-104873.4613,-19064.158483
2013-06,140144.2431,23998.411409,206167.9085,35304.356216,114218.9394,19558.941825,135909.4826,23273.247609,-21690.5433,25925.3037,4439.469584,70258.4259,12031.108607,-44333.1222,-7591.639023,-66023.6655,-11305.944807
2013-07,154430.2368,25835.082274,229097.8743,38326.44782,120642.1859,20182.581259,152993.7781,25594.772881,-32351.5922,33788.0509,5652.501015,76104.0963,12731.674939,-42316.0453,-7079.173924,-74667.6375,-12491.365546
2013-08,166479.1953,26337.977496,234037.0497,37026.02322,129293.7169,20455.018417,138595.8082,21926.663391,-9302.0913,37185.4784,5882.959079,95441.2415,15099.359829,-58255.7632,-9216.40075,-67557.8544,-10688.045724
2013-09,179372.2809,28135.901695,218403.4977,34258.243662,135074.1022,21187.396666,134168.0241,21045.271286,906.0781,44298.1787,6948.505029,84235.4736,13212.972376,-39937.2949,-6264.467347,-39031.2167,-6122.341967
2013-10,169320.468,27480.129706,234601.4994,38075.016656,134588.856,21843.308509,140369.0673,22781.416969,-5780.2113,34731.612,5636.821197,94232.4321,15293.599687,-59500.8201,-9656.77849,-65281.0314,-10594.88695
2013-11,151583.3394,24201.832772,211529.9048,33772.916062,121203.2352,19351.337962,130238.2818,20793.875757,-9035.0466,30380.1042,4850.49481,81291.6231,12979.040305,-50911.5189,-8128.545495,-59946.5654,-9571.08329
2013-12,163400.2194,26393.05908,226468.4575,36580.093664,133212.692,21517.048553,140267.7583,22656.610947,-7055.0663,30187.5274,4876.010527,86200.6992,13923.482717,-56013.1718,-9047.47219,-63068.2381,-10187.034584
2014-01,166932.1538,26891.577111,225623.4437,36346.324453,138048.9151,22238.693757,143759.1216,23158.567178,-5710.2065,28883.2387,4652.883354,81864.3221,13187.757275,-52981.0833,-8534.873921,-58691.2899,-9454.747342
2014-02,157769.1333,25353.24,209495.3313,33665.55,128924.9799,20718.03,124199.5399,19958.66,4725.44,28844.1534,4635.21,85295.7914,13706.89,-56451.638,-9071.68,-51726.198,-8312.31
2014-03,185122.8341,30341.03,251953.7352,41294.46,149469.9293,24497.63,156362.3655,25627.34,-6892.4362,35652.9048,5843.4,95591.3697,15667.12,-59938.4649,-9823.72,-66830.9011,-10953.43
2014-04,155886.2519,25827.540375,216050.3024,35795.638279,124365.0826,20605.051165,137798.4,22830.709437,-13433.3173,31521.1692,5222.48921,78251.9024,12964.928842,-46730.7332,-7742.439632,-60164.0505,-9968.097904
2014-05,166168.0884,28019.237643,231638.5377,39058.854636,130827.6952,22060.145954,147032.6934,24792.630162,-16204.9982,35340.3932,5959.091689,84605.8443,14266.224474,-49265.451,-8307.132785,-65470.4493,-11039.616993
2014-06,154861.5579,25926.627001,229081.5106,38352.390109,121365.2357,20318.736547,150323.9756,25166.953641,-28958.7399,33496.3222,5607.890454,78757.54,13185.436468,-45261.2128,-7577.546014,-74219.9526,-12425.763108
2014-07,155045.4782,25815.699795,240642.8299,40068.005067,122954.1596,20472.36535,153110.7253,25493.555346,-30156.5657,32091.3186,5343.334445,87532.1046,14574.449721,-55440.786,-9231.115276,-85597.3517,-14252.305272
2014-08,163353.2041,26825.30061,228191.2565,37472.782204,130901.1892,21496.142507,150155.473,24658.014615,-19254.2838,32452.0149,5329.158103,78035.7835,12814.767589,-45583.7687,-7485.609486,-64838.0524,-10647.481594
2014-09,175836.5798,28889.652138,263799.1182,43341.748368,138299.487,22722.371356,175099.643,28768.574801,-36800.156,37537.0928,6167.280782,88699.4752,14573.173567,-51162.3824,-8405.892785,-87962.5384,-14452.09623
2014-10,158966.0847,25914.721576,242109.2397,39468.755455,123817.3358,20184.756958,165325.9571,26951.510729,-41508.6213,35148.7489,5729.964618,76783.2826,12517.244726,-41634.5337,-6787.280108,-83143.1551,-13554.033879
2014-11,163534.915,26503.044384,263615.7232,42722.49263,134609.1146,21815.227286,191422.9472,31022.677063,-56813.8326,28925.8004,4687.817098,72192.776,11699.815567,-43266.9756,-7011.998469,-100080.8082,-16219.448246
2014-12,164242.1313,26172.793394,221726.8824,35333.272018,135861.6588,21650.22516,159203.2871,25369.82878,-23341.6282,28380.4724,4522.568234,62523.5953,9963.443238,-34143.1229,-5440.875004,-57484.7511,-9160.478624
2015-01,151925.5907,24415.169792,200774.1772,32265.37127,133114.9203,21392.205013,149492.6667,24024.187074,-16377.7464,18810.6704,3022.964779,51281.5104,8241.184196,-32470.84,-5218.219417,-48848.5864,-7850.201478
2015-02,136532.627,22008.044543,178205.3514,28725.378102,120678.7936,19452.524434,140323.1344,22619.046309,-19644.3408,15853.8334,2555.520109,37882.2169,6106.331793,-22028.3835,-3550.811684,-41672.7243,-6717.333559
2015-03,150092.9601,24034.177853,221251.6492,35428.720215,133568.3031,21388.10741,174923.1984,28010.209534,-41354.8954,16524.657,2646.070443,46328.4508,7418.510681,-29803.7938,-4772.440238,-71158.6891,-11394.542362
2015-04,138918.1003,22137.213767,210264.042,33506.505086,121670.1568,19388.677684,163304.367,26023.273163,-41634.2102,17247.9434,2748.536083,46959.67,7483.231923,-29711.7315,-4734.69584,-71345.9417,-11369.291319
2015-05,143736.2073,22529.080184,209505.8762,32837.757293,127163.19,19931.356812,154871.3649,24274.394539,-27708.7106,16573.02,2597.6,54634.5113,8563.362754,-38060.9582,-5965.639382,-65769.6688,-10308.677109
2015-06,142560.8557,22323.722676,214164.7353,33536.23371,123449.69,19331.089378,158650.1668,24843.161367,-35200.4767,19111.1657,2992.633298,55514.5685,8693.072343,-36403.4028,-5700.439045,-71603.8796,-11212.511034
2015-07,148149.9487,23281.205117,231453.6668,36372.069889,127812.8636,20085.308974,171088.7275,26885.947593,-43275.8639,20337.0851,3195.896143,60364.9392,9486.122296,-40027.8541,-6290.226153,-83303.718,-13090.864772
2015-08,140443.4394,21582.676479,221126.9241,33981.728683,122006.7962,18749.421292,173183.2802,26613.97868,-51176.484,18436.6432,2833.255187,47943.6439,7367.750003,-29507.0007,-4534.494816,-80683.4847,-12399.052204
2015-09,144820.4088,21870.31423,212138.2945,32036.445496,127687.5553,19282.965595,167920.8524,25358.869067,-40233.2971,17132.8535,2587.348635,44217.4421,6677.576429,-27084.5886,-4090.227794,-67317.8857,-10166.131266
2015-10,139589.165,21456.110713,202644.7969,31148.328745,123114.6825,18923.834505,157961.12,24280.045541,-34846.4375,16474.4825,2532.276208,44683.6769,6868.283204,-28209.1944,-4336.006996,-63055.6319,-9692.218032
2015-11,129331.1116,19560.91709,197666.3593,29896.404965,113934.6412,17232.25017,154972.0738,23439.030776,-41037.4325,15396.4704,2328.66692,42694.2855,6457.374189,-27297.8151,-4128.707269,-68335.2477,-10335.487875
2015-12,150461.5668,22593.353382,227067.2802,34096.490036,133432.007,20036.189634,182644.0205,27425.880194,-49212.0135,17029.5599,2557.163748,44423.2597,6670.609842,-27393.6999,-4113.446094,-76605.7134,-11503.136654
2016-01,142568.3227,21199.025451,194134.0584,28866.530777,128528.4317,19111.380715,160142.7716,23812.23721,-31614.3399,14039.891,2087.644736,33991.2867,5054.293567,-19951.3958,-2966.648831,-51565.7357,-7667.505326
2016-02,142246.4273,20845.724216,187100.8127,27418.979994,129053.6561,18912.368997,154345.3439,22618.778812,-25291.6878,13192.7713,1933.355219,32755.4688,4800.201182,-19562.6976,-2866.845963,-44854.3854,-6573.255778
2016-03,153558.8507,22911.742382,183038.6916,27310.280823,138892.9746,20723.520912,150716.7569,22487.687809,-11823.7824,14665.8761,2188.22147,32321.9347,4822.593014,-17656.0586,-2634.371544,-29479.8409,-4398.538441
2016-04,138678.4573,20863.472334,170754.6783,25689.177558,125062.7289,18815.054878,132760.2993,19973.115444,-7697.5703,13615.7284,2048.417456,37994.3791,5716.062114,-24378.6507,-3667.644658,-32076.221,-4825.705224
2016-05,149918.031,22407.028245,189253.8534,28286.233407,135699.4118,20281.886913,149134.3858,22289.903052,-13434.974,14218.6193,2125.141332,40119.4676,5996.330355,-25900.8484,-3871.189023,-39335.8224,-5879.205162
2016-06,152465.0535,22655.583607,208061.9136,30917.01308,134960.9358,20054.55478,158993.3203,23625.652972,-24032.3845,17504.1176,2601.028827,49068.5933,7291.360108,-31564.4756,-4690.331281,-55596.8601,-8261.429473
2016-07,145788.546,21692.270863,196953.5395,29305.248157,128496.4505,19119.33336,151099.4842,22482.499653,-22603.0337,17292.0955,2572.937503,45854.0552,6822.748504,-28561.9598,-4249.811001,-51164.9934,-7612.977294
2016-08,144570.0315,21597.086255,196154.4415,29303.198987,127914.4639,19108.937604,150705.9713,22513.724554,-22791.5073,16655.5675,2488.148651,45448.4702,6789.474433,-28792.9027,-4301.325782,-51584.41,-7706.112732
2016-09,151955.5421,22769.070768,212496.0505,31840.481481,134777.2549,20195.070282,166371.9034,24929.22337,-31594.6485,17178.2872,2574.000486,46124.1471,6911.258111,-28945.8598,-4337.257625,-60540.5083,-9071.410713
2016-10,155926.7293,23360.614495,230246.8057,34495.092014,137397.6389,20584.625143,181779.7826,27233.864575,-44382.1437,18529.0904,2775.989352,48467.0231,7261.227439,-29937.9327,-4485.238087,-74320.0764,-11134.477519
2016-11,135699.473,20066.25774,226288.2051,33461.865209,119259.3946,17635.217698,179868.2191,26597.613005,-60608.8245,16440.0784,2431.040042,46419.986,6864.252204,-29979.9076,-4433.212162,-90588.7321,-13395.607469
2016-12,163344.4468,24056.477749,234952.1544,34602.469917,143738.6143,21169.037846,182892.8795,26935.464277,-39154.2652,19605.8325,2887.439903,52059.2749,7667.00564,-32453.4424,-4779.565737,-71607.7076,-10545.992168
2017-01,152202.6979,22356.316704,219635.1272,32261.139355,133502.4688,19609.530679,163986.451,24087.175018,-30483.9823,18700.2292,2746.786025,55648.6762,8173.964337,-36948.447,-5427.178312,-67432.4293,-9904.822651
2017-02,165855.6352,24384.971731,229723.1046,34248.437052,148821.5031,22187.2,177941.8936,26528.597325,-29120.3905,17034.1321,2539.546043,51781.2109,7719.839727,-34747.0789,-5180.293684,-63867.4694,-9863.465321
2017-03,193028.9098,28892.798379,263155.493,39946.672104,168293.6545,25546.8,198923.6099,30196.353239,-30629.9554,24735.2553,3754.780562,64231.8831,9750.318865,-39496.6279,-5995.538303,-70126.5832,-11053.873725
2017-04,158552.0917,24579.014311,250511.0676,38834.650411,140236.0345,21739.628072,202800.1639,31438.425235,-62564.1293,18316.0572,2839.386239,47710.9037,7396.225176,-29394.8465,-4556.838937,-91958.9758,-14255.6361
2017-05,154278.2959,23947.03531,246610.0359,38278.742888,138585.0817,21511.138836,196778.6921,30543.935203,-58193.6104,15693.2142,2435.896474,49831.3438,7734.807685,-34138.1296,-5298.911211,-92331.74,-14331.707578
2017-06,148300.429,23012.651391,238793.6961,37055.024664,134260.586,20834.006221,189319.8291,29377.873222,-55059.2431,14039.843,2178.64517,49473.867,7677.151442,-35434.0239,-5498.506272,-90493.267,-14042.373273
2017-07,143689.174,22292.633411,220536.1307,34215.041814,126495.5155,19625.126093,170959.2433,26523.443777,-44463.7278,17193.6585,2667.507318,49576.8874,7691.598037,-32383.229,-5024.090719,-76846.9567,-11922.408403
2017-08,149398.8975,23355.109487,230737.9615,36070.616348,130860.747,20457.092581,180826.2858,28268.064518,-49965.5387,18538.1504,2898.016906,49911.6757,7802.55183,-31373.5252,-4904.534924,-81339.064,-12715.506861
2017-09,184088.9431,28567.096732,244634.8585,37962.669459,161721.7956,25096.141564,191992.4902,29793.576799,-30270.6946,22367.1475,3470.955168,52642.3683,8169.09266,-30275.2208,-4698.137492,-60545.9153,-9395.572727
2017-10,148962.6419,22888.701041,244064.2013,37501.433058,129155.592,19845.269218,183478.0987,28192.13797,-54322.5068,19807.0499,3043.431823,60586.1026,9309.295088,-40779.0526,-6265.863265,-95101.5594,-14612.732017
2017-11,170541.0119,26292.657425,268467.5282,41390.189147,147170.8943,22689.638493,206533.5604,31841.702375,-59362.666,23370.1176,3603.018932,61933.9678,9548.486772,-38563.8502,-5945.46784,-97926.5163,-15097.531722
2017-12,178802.7659,27832.559814,270015.443,42030.787058,154918.8509,24114.773416,203556.649,31685.766097,-48637.7981,23883.915,3717.786398,66458.794,10345.020961,-42574.8791,-6627.234563,-91212.6771,-14198.227244
2018-01,161687.0059,25407.743953,259009.8812,40701.209668,136476.3185,21446.097889,184815.3633,29042.169419,-48339.0449,25210.6875,3961.646064,74194.5179,11659.040249,-48983.8304,-7697.394185,-97322.8753,-15293.465715
2018-02,167569.647,26030.721477,243791.7709,37871.272328,146219.9995,22714.209557,178156.5584,27675.321103,-31936.5589,21349.6475,3316.51192,65635.2125,10195.951225,-44285.565,-6879.439305,-76222.1239,-11840.550851
2018-03,189647.8199,29167.029889,278298.7378,42801.16479,168242.9854,25875.057188,206010.3181,31683.51263,-37767.3327,21404.8345,3291.972701,72288.4197,11117.65216,-50883.5852,-7825.679459,-88650.9179,-13634.134901
2018-04,170322.6824,25949.464389,262328.2797,39966.951126,151942.658,23149.180941,193646.5524,29502.965908,-41703.8945,18380.0244,2800.283448,68681.7273,10463.985218,-50301.7029,-7663.70177,-92005.5973,-14017.486737
2018-05,195492.5985,28944.971019,296614.6343,43917.274066,160545.2266,23770.602892,218447.2792,32343.680716,-57902.0527,34947.3719,5174.368127,78167.3551,11573.59335,-43219.9832,-6399.225223,-101122.0358,-14972.303047
2018-06,184113.0123,27158.075424,303757.7368,44806.585904,157928.07,23295.596461,217222.4362,32041.968176,-59294.3661,26184.9423,3862.478963,86535.3006,12764.617728,-60350.3583,-8902.138765,-119644.7244,-17648.51048
2018-07,176914.6009,25754.235583,304916.7598,44388.072262,150518.8019,21911.683169,220209.166,32056.815722,-69690.3641,26395.799,3842.552414,84707.5938,12331.25654,-58311.7948,-8488.704126,-128002.1589,-18633.836679
2018-08,193397.1243,27808.31876,318043.8555,45731.108757,167560.9498,24093.369113,235011.572,33792.00564,-67450.6222,25836.1746,3714.949647,83032.2835,11939.103117,-57196.1089,-8224.15347,-124646.7311,-17922.789997
2018-09,201234.9546,27865.972165,309222.9359,42819.587442,170690.0309,23636.269631,229849.4899,31828.364541,-59159.459,30544.9237,4229.702534,79373.4459,10991.222901,-48828.5222,-6761.520367,-107987.9813,-14953.615277
2018-10,196406.4318,26673.950264,328973.5579,44677.886899,165152.4598,22429.349459,225108.7086,30572.005472,-59956.2488,31253.972,4244.600805,103864.8493,14105.881427,-72610.8773,-9861.280622,-132567.1261,-18003.936635
2018-11,187335.1433,26071.56472,313680.8476,43655.186161,153521.8576,21365.745745,216546.4005,30136.916239,-63024.5429,33813.2858,4705.818975,97134.4471,13518.269922,-63321.1613,-8812.450947,-126345.7042,-17583.621441
2018-12,197044.7571,27858.291132,299553.399,42351.016666,168267.5316,23789.751897,223277.8555,31567.140341,-55010.324,28777.2255,4068.539235,76275.5435,10783.876325,-47498.318,-6715.33709,-102508.6419,-14492.725534
2019-01,186786.9463,26407.364294,293224.721,41455.209687,164081.8863,23197.392701,213628.0508,30202.077096,-49546.1645,22705.06,3209.971593,79596.6703,11253.132591,-56891.6102,-8043.160998,-106437.7747,-15047.845393
2019-02,191316.537,26862.075442,260608.5918,36591.126743,169356.1076,23778.68953,193560.2824,27177.111752,-24204.1748,21960.4294,3083.385912,67048.3094,9414.014991,-45087.8799,-6330.629079,-69292.0548,-9729.051301
2019-03,227370.013,32725.186271,303555.0944,43690.4449,202239.9684,29108.238809,221707.582,31910.197113,-19467.6136,25130.0446,3616.947462,81847.5124,11780.247787,-56717.4679,-8163.300325,-76185.0814,-10965.258629
2019-04,180772.6477,26037.651825,294283.702,42387.256496,156082.3117399,22481.37059,213995.6643746,30822.94073,-57912.1476,24689.2105677,3556.119133,80288.0376101,11564.31577,-55598.9067,-8008.208106,-113511.0543,-16349.604671
2019-05,208270.6753,29849.709402,325724.2395,46683.354924,173897.81824,24923.33276,237860.1348602,34090.52121,-63942.6944,34353.2347843,4923.564352,87864.1045956,12592.83372,-53510.8698,-7669.269364,-117453.5642,-16833.645522
2019-06,173787.1342,25027.345537,284925.1297,41032.494584,155477.9781998,22390.61655,207118.691316,29827.47284,-51644.2793,18312.8072534,2637.254806,77806.4383818,11205.02174,-59493.7162,-8567.779187,-111137.9955,-16005.149047
2019-07,180495.4775,26231.643087,278196.4176,40430.648303,156517.4156155,22746.88007,211117.6565691,30682.00445,-54613.8808,23991.8394964,3486.76534,67078.760987,9748.643852,-43087.0592,-6261.89853,-97700.9401,-14199.005216
2019-08,184892.9978,25987.936959,283530.4353,39852.083073,162100.5430102,22784.30626,205274.7124236,28852.72221,-43190.7947,22820.6905219,3207.599411,78255.6942588,10999.35685,-55446.6427,-7793.393376,-98637.4374,-13864.146114
2019-09,185565.5477,26013.728169,268891.091,37694.818924,161115.4065644,22586.15591,204075.4892757,28608.56631,-42998.1863,24526.9130854,3438.334633,64815.6017566,9086.252611,-40327.357,-5653.338749,-83325.5433,-11681.090755
2019-10,186211.2395,26212.38913,269852.8611,37986.365411,161891.5640569,22788.98248,200741.8151682,28257.81394,-38985.2393,24466.4952149,3444.074022,69111.0459634,9728.551474,-44656.3824,-6286.142951,-83641.6216,-11773.976281
2019-11,183948.7695,25744.491675,275255.1342,38523.244936,156863.3544553,21953.76101,196164.5364948,27454.14544,-39482.5688,27278.9138683,3817.811723,79090.6602624,11069.10826,-51823.7959,-7252.982924,-91306.3647,-12778.753261
2019-12,192903.8322,27096.050954,281880.7265,39594.104767,167130.1128178,23475.77029,205570.3421299,28875.24012,-38507.0115,25854.3606229,3631.607864,76310.5193269,10718.88361,-50469.8828,-7089.203485,-88976.8943,-12498.053813
2020-01,184369.7309,25853.303508,293452.6881,41149.495366,161649.5255832,22667.35559,200679.2692721,28140.31358,-39029.7437,22720.2052931,3185.947917,92773.4188187,13009.18179,-70053.2135,-9823.233869,-109082.9572,-15296.191858
2020-02,198328.8631,27742.764606,270973.3923,37904.473,173722.6706845,24300.78548,193905.0103412,27123.9444,-20182.3397,24606.1924268,3441.979127,77068.3819189,10780.5286,-52462.1895,-7338.549477,-72644.5292,-10161.708394
2020-03,159784.6169,21490.667493,233988.47,31470.916906,141065.5070327,18972.9898,159283.6121889,21423.28348,-18218.1052,18719.1098173,2517.677694,74704.8578172,10047.63343,-55985.748,-7529.955737,-74203.8532,-9980.249413
2020-04,77557.40755,10173.264466,130255.9854,17085.777269,68107.7904184,8933.75096,94810.856643,12436.412624,-26703.0662,9449.6171319,1239.513506,35445.1287726,4649.364645,-25995.5116,-3409.851139,-52698.57787,-6912.512803
2020-05,145619.1565,19246.54352,172957.5347,22859.868291,132304.6196792,17486.755748,145915.4077981,19285.69929,-13610.7881,13314.5367776,1759.787772,27042.1269045,3574.169001,-13727.5901,-1814.381229,-27338.37825,-3613.324771
2020-06,166850.0304,22033.154907,161476.4383,21323.55235,152267.4379391,20107.470419,123858.8272394,16356.009692,28408.6107,14582.592419,1925.684488,37617.6110493,4967.542658,-23035.0186,-3041.85817,5373.592069,709.602557
2020-07,178352.3429,23782.4052,218351.2523,29116.06252,165056.7034588,22009.497259,169280.1085018,22572.667528,-4223.40504,13295.6394317,1772.907939,49071.1437891,6543.394995,-35775.5044,-4770.48706,-39998.9093999999,-5333.65733
2020-08,170470.6128,22829.285673,231736.8174,31034.005771,156270.6962425,20927.64442,183559.1421916,24582.090764,-27288.4459491,14199.9165656,1901.641253,48177.675167,6451.915007,-33977.7586014,-4550.273754,-61266.20455,-8204.720098
2020-09,202508.5415,27559.04433,224254.0231,30518.34989,176591.4550462,24032.031965,181441.4945084,24692.065439,-4850.039462,25917.0864198,3527.01236,42812.5285677,5826.284455,-16895.44215,-2299.272095,-21745.48161,-2959.305569
2020-10,183060.6025,24920.41079,250299.9327,34073.83709,171547.4535889,23353.102492,206223.0550098,28073.562422,-34675.60142,11513.1489515,1567.308295,44076.8777326,6000.274672,-32563.72878,-4432.966377,-67239.3302,-9153.426307
2020-11,175306.78,23619.94784,250954.1611,33812.29273,163748.0554569,22062.583827,204085.7848208,27497.485036,-40337.72936,11558.7245294,1557.36401,46868.3763229,6314.807689,-35309.65179,-4757.443679,-75647.38116,-10192.34489
2020-12,200294.503,27216.29376,315970.7722,42934.5448,183098.424903,24879.666929,245107.4300312,33305.536004,-62009.00513,17196.0780801,2336.626833,70863.3421465,9629.008793,-53667.26407,-7292.38196,-115676.2692,-15718.25104
2021-01,201330.6975,27538.27805,307279.3261,42030.07094,185714.5432112,25402.279909,238378.865705,32605.775243,-52664.32249,15616.1543171,2135.998144,68900.4604225,9424.295701,-53284.30611,-7288.297557,-105948.6286,-14491.79289
2021-02,201049.8678,27633.25189,296472.9378,40748.65307,183070.5863956,25162.093794,230763.2963368,31717.206881,-47692.70994,17979.2813874,2471.158099,65709.6414724,9031.446184,-47730.36009,-6560.288085,-95423.07003,-13115.40117
2021-03,256642.679,35256.60211,355948.5193,48898.86342,230369.1102839,31647.238461,281180.303093,38627.488203,-50811.19281,26273.5686714,3609.363652,74768.2161877,10271.375221,-48494.64752,-6662.011569,-99305.84033,-13642.26131
2021-04,229006.3487387,30750.582034,342900.3922926,46044.07977,202005.2640274,27124.922435,262732.2855862,35279.243123,-60727.02156,27001.0847113,3625.659599,80168.1067064,10764.836647,-53167.022,-7139.177048,-113894.0435539,-15293.497736
2021-05,236647.1750213,32298.976908,284532.4609322,38834.637905,197718.13674,26985.71632,215155.5572063,29365.676316,-17437.42047,38929.0382813,5313.260588,69376.9037259,9468.961589,-30447.86544,-4155.701001,-47885.2859109,-6535.660997
2021-06,239012.9547065,32492.996104,309667.6734489,42098.264095,209937.6931749,28540.313475,231119.0209997,31419.842706,-21181.32782,29075.2615316,3952.682629,78548.6524492,10678.421389,-49473.39092,-6725.73876,-70654.7187424,-9605.267991
2021-07,264666.3678979,35512.816497,343919.548469,46146.973137,221142.4163015,29672.79186,251490.6865607,33744.909198,-30348.2702592,43523.9515964,5840.024637,92428.8619083,12402.063939,-48904.9103119,-6562.039302,-79253.1805711,-10634.15664
2021-08,247633.6267714,33380.732323,334519.6016984,45092.863104,213098.1328079,28725.386871,264465.6769626,35649.673442,-51367.5441547,34535.4939635,4655.345452,70053.9247358,9443.189662,-35518.4307723,-4787.84421,-86885.974927,-11712.130781
2021-09,248751.7805326,33814.611805,414062.0637289,56286.422959,210532.0253213,28619.126651,290628.5478003,39507.220812,-80096.522479,38219.7552113,5195.485154,123433.5159286,16779.202147,-85213.7607173,-11583.716993,-165310.2831963,-22471.811154
2021-10,267655.3371931,35727.72671,401832.5293732,53638.245923,227532.3970595,30371.952892,309844.9289262,41359.365591,-82312.5318667,40122.9401336,5355.773818,91987.600447,12278.880332,-51864.6603134,-6923.106514,-134177.1921801,-17910.519213
2021-11,236861.9920573,31795.049666,395018.2053574,53025.06888,195925.968847,26300.023303,288897.7714695,38780.046117,-92971.8026225,40936.0232103,5495.026363,106120.4338879,14245.022763,-65184.4106776,-8749.9964,-158156.2133001,-21230.019214
2021-12,295989.333187,39270.202467,454720.5939546,60329.774619,245076.8867809,32515.425005,330396.7095342,43835.179856,-85319.8227533,50912.4464061,6754.777462,124323.8844204,16494.594763,-73411.4380143,-9739.817301,-158731.2607676,-21059.572152
2022-01,262280.1316984,35233.005675,391315.4453009,52566.769849,228188.6301995,30653.375263,299344.590725,40212.003888,-71155.9605255,34091.5014989,4579.630412,91970.8545759,12354.765961,-57879.353077,-7775.135549,-129035.3136025,-17333.764174
2022-02,278666.417275,37153.986672,419255.2335307,55898.387362,226932.4744832,30256.412738,301084.2117051,40142.902344,-74151.7372219,51733.9427918,6897.573934,118171.0218256,15755.485018,-66437.0790338,-8857.911084,-140588.8162557,-18744.40069
2022-03,339850.0277033,44573.710745,481030.8409923,63090.562692,265081.1955591,34767.254917,319811.6406086,41945.535785,-54730.4450495,74768.8321442,9806.455828,161219.2003837,21145.026907,-86450.3682395,-11338.571079,-141180.813289,-18516.851947
2022-04,302372.2273403,39698.170067,442212.703498,58057.696892,242502.165471,31837.885028,307905.5159065,40424.630478,-65403.3504355,59870.0618693,7860.285039,134307.1875915,17633.066414,-74437.1257222,-9772.781375,-139840.4761577,-18359.526825
2022-05,301573.2330243,39003.616619,472625.3576559,61126.440218,236043.4870684,30528.404626,344155.393896,44510.929766,-108111.9068276,65529.7459559,8475.211993,128469.9637599,16615.510452,-62940.217804,-8140.298459,-171052.1246316,-22122.823599
2022-06,330095.6680465,42279.520977,502431.5869482,64352.758296,247384.5898092,31685.668654,354578.9176462,45415.399758,-107194.327837,82711.0782373,10593.852323,147852.669302,18937.358538,-65141.5910647,-8343.506215,-172335.9189017,-22073.237319
2022-07,305159.1316172,38335.803897,507630.4985279,63771.393877,240187.5481226,30173.708724,359919.8781223,45215.156253,-119732.3299997,64971.5834946,8162.095173,147710.6204056,18556.237624,-82739.036911,-10394.142451,-202471.3669107,-25435.58998
2022-08,294494.6300153,37017.740035,492279.575704,61879.149607,226984.1854567,28531.731044,354458.3506162,44555.131634,-127474.1651595,67510.4445586,8486.008991,137821.2250878,17324.017973,-70310.7805292,-8838.008982,-197784.9456887,-24861.409572
2022-09,283946.0249,35390.796762,508444.5914102,63372.111706,225649.9021176,28124.816429,367560.7896932,45812.471643,-141910.8875756,58296.1227824,7265.980333,140883.801717,17559.640063,-82587.6789346,-10293.65973,-224498.5665102,-27981.314944
2022-10,260209.470103,31601.791937,476835.6121123,57910.497047,208346.3373336,25303.14368,342274.6143112,41568.399111,-133928.2769776,51863.1327694,6298.648257,134560.9978011,16342.097936,-82697.8650317,-10043.449679,-216626.1420093,-26308.70511
2022-11,285413.099736,34887.098742,465922.3396969,56951.410746,219259.4426158,26800.892567,332417.3954781,40632.607632,-113157.9528623,66153.6571202,8086.206175,133504.9442188,16318.803114,-67351.2870986,-8232.596939,-180509.2399609,-22064.312004
2022-12,314061.2808604,38084.560544,504835.6425495,61218.764185,245204.0749043,29734.609173,345290.7971732,41871.599546,-100086.7222689,68857.2059561,8349.951371,159544.8453763,19347.164639,-90687.6394202,-10997.213268,-190774.3616891,-23134.203641
2023-01,293195.4650348,35799.376703,432645.9255836,52826.378309,230102.1948149,28095.643081,302605.9233002,36948.400612,-72503.7284853,63093.2702199,7703.733622,130040.0022834,15877.977697,-66946.7320635,-8174.244075,-139450.4605488,-17027.001606
2023-02,305764.6087762,37013.698236,442628.7327351,53581.4998469999,241004.2612103,29174.269178,303149.6062291,36697.14454,-62145.3450188,64760.3475659,7839.429058,139479.126506,16884.355307,-74718.7789401,-9044.926249,-136864.1239589,-16567.801611
2023-03,345265.0362296,41957.821273,501308.7046532,60920.796379,276578.3729473,33610.776445,353008.7201109,42898.860825,-76430.3471636,68686.6632823,8347.044828,148299.9845423,18021.935554,-79613.32126,-9674.890726,-156043.6684236,-18962.975106
2023-04,283943.2933936,34618.449645,402320.3155121,49051.010857,231281.3326386,28197.887949,290002.7167,35357.216246,-58721.3840614,52661.960755,6420.561696,112317.5988121,13693.794611,-59655.6380571,-7273.232915,-118377.0221185,-14432.561212
2023-05,287818.0844533,34953.430945,473086.2673004,57452.915763,239611.8450352,29099.130781,344846.0403368,41879.064951,-105234.1953016,48206.2394181,5854.300164,128240.2269636,15573.850812,-80033.9875455,-9719.550648,-185268.1828471,-22499.484818
2023-06,282266.2511513,34324.887656,437508.4798048,53203.063818,226699.8706261,27567.757602,334040.6232359,40620.891726,-107340.7526098,55566.3805252,6757.130054,103467.8565689,12582.172092,-47901.4760437,-5825.042038,-155242.2286535,-18878.176162
2023-07,283341.0289949,34489.893621,436603.9452976,53145.933926,228170.0569217,27774.166771,339561.7467096,41333.401473,-111391.6897879,55170.9720732,6715.72685,97042.198588,11812.532453,-41871.2265148,-5096.805603,-153262.9163027,-18656.040305
2023-08,316942.0562989,38284.776857,513565.9112289,62035.807183,237955.7524284,28743.685797,378683.6076316,45742.800976,-140727.8552032,78986.3038705,9541.09106,134882.3035973,16293.006207,-55895.9997268,-6751.915147,-196623.85493,-23751.030326
2023-09,285749.6753805,34407.980367,450326.6365041,54225.188794,232119.0267458,27950.152181,334058.7979586,40225.027614,-101939.7712128,53630.6486347,6457.828186,116267.8385455,14000.16118,-62637.1899108,-7542.332994,-164576.9611236,-19817.208427
2023-10,278285.0366077,33433.5355,524699.6002882,63038.110072,229303.8538768,27548.87086,390333.580122,46895.197135,-161029.7262452,48981.1827309,5884.66464,134366.0201662,16142.912937,-85384.8374353,-10258.248297,-246414.5636805,-29604.574572
2023-11,281096.4466579,33745.88191,456104.2584683,54755.727455,219538.9855042,26355.853192,331700.6621305,39820.963557,-112161.6766263,61557.4611537,7390.028718,124403.5963378,14934.763898,-62846.1351841,-7544.73518,-175007.8118104,-21009.845545
2023-12,319715.5008018,38391.029217,473977.5224179,56914.615874,262346.8205389,31502.271309,349555.0986548,41974.13003,-87208.2781159,57368.6802629,6888.757908,124422.4237631,14940.485844,-67053.7435002,-8051.727936,-154262.0216161,-18523.586657
2024-01,310239.167985,37323.801296,446416.8116373,53706.862332,238632.1216168,28709.005227,317366.5043619,38181.266236,-78734.3827451,71607.0463682,8614.796069,129050.3072754,15525.596096,-57443.2609072,-6910.800027,-136177.6436523,-16383.061036
2024-02,343515.9630612,41405.624064,496321.9422581,59824.060438,275353.4173843,33189.666014,356187.8105313,42933.022466,-80834.393147,68162.5456769,8215.95805,140134.1317268,16891.037972,-71971.5860499,-8675.079922,-152805.9791969,-18418.436374
2024-03,346039.7657233,41692.743606,470087.2614991,56638.657109,301089.3238949,36276.871116,334449.4213037,40296.27611,-33360.0974088,44950.4418284,5415.87249,135637.8401954,16342.380999,-90687.398367,-10926.508509,-124047.4957758,-14945.913503
2024-04,331976.4874194,39802.470777,454462.9927092,54488.045592,238204.5733158,28559.644837,316898.1504515,37994.646769,-78693.5771357,93771.9141036,11242.82594,137564.8422577,16493.398823,-43792.9281541,-5250.572883,-122486.5052898,-14685.574815
2024-05,323404.3169,38780.797612,514327.3173913,61675.192584,263849.7078099,31639.349231,347773.8957001,41703.058064,-83924.1878902,59554.6090901,7141.448381,166553.4216912,19972.13452,-106998.8126011,-12830.686139,-190923.0004913,-22894.394972
2024-06,295869.5190444,35445.828241,467412.5923692,55997.07111,246699.2667541,29555.122349,341709.3157998,40937.5382,-95010.0490457,49170.2522903,5890.705892,125703.2765694,15059.53291,-76533.0242791,-9168.827018,-171543.0733248,-20551.242869
2024-07,273183.5882616,32679.534543,497167.2802998,59473.540889,240862.9439894,28813.183648,376005.4538522,44979.580579,-135142.5098628,32320.6442722,3866.350895,121161.8264476,14493.96031,-88841.1821754,-10627.609415,-223983.6920382,-26794.006346
2024-08,275935.7037665,32890.092243,574771.895259,68509.802606,240658.4443119,28685.227489,473032.404228,56382.987592,-232373.9599161,35277.2594546,4204.864754,101739.491031,12126.815014,-66462.2315764,-7921.95026,-298836.1914925,-35619.710363
2024-09,285611.4460833,34079.176777,492118.6160585,58719.625963,249557.9860518,29777.275537,367202.4974494,43814.626377,-117644.5113976,36053.4600315,4301.90124,124916.1186091,14904.999586,-88862.6585776,-10603.098346,-206507.1699752,-24640.449186
2024-10,327572.8491335,38983.077189,546775.8853023,65069.515466,290487.633073,34569.720452,388093.2121641,46185.35298,-97605.5790911,37085.2160605,4413.356737,158682.6731382,18884.162486,-121597.4570777,-14470.805749,-219203.0361688,-26086.438277
2024-11,269481.181528,31942.523366,539329.0582215,63928.512111,239774.1378605,28421.246187,405120.6781346,48020.335191,-165346.5402741,29707.0436675,3521.277179,134208.3800869,15908.17692,-104501.3364194,-12386.899741,-269847.8766935,-31985.988745
2024-12,321282.2312338,37804.047023,496989.1697318,58478.808297,281260.7993882,33094.878735,381446.5727527,44883.354337,-100185.7733645,40021.4318456,4709.168288,115542.5969791,13595.45396,-75521.1651335,-8886.285672,-175706.938498,-20674.761274
2025-01,313476.6798962,36338.507803,512679.9524888,59430.335825,283477.3069918,32860.952655,396738.8516074,45990.335824,-113261.5446156,29999.3729044,3477.555148,115941.1008814,13440.000001,-85941.727977,-9962.444853,-199203.2725926,-23091.828022
2025-02,321327.2893957,36910.921551,443663.2167587,50963.670715,271542.4994176,31192.134069,340135.3285703,39071.404221,-68592.8291527,49784.7899781,5718.787482,103527.8881884,11892.266494,-53743.0982103,-6173.479012,-122335.927363,-14052.749164
2025-03,364290.7256293,42047.598945,550211.2568489,63507.140264,321879.8214295,37152.396953,385526.8128599,44498.735844,-63646.9914304,42410.9041998,4895.201992,164684.443989,19008.40442,-122273.5397892,-14113.202428,-185920.5312196,-21459.541319
2025-04,327560.5478629,38283.772069,559409.5187749,65381.214573,266606.50149,31159.743149,382285.2167259,44679.739821,-115678.7152359,60954.0463729,7124.02892,177124.302049,20701.474752,-116170.2556761,-13577.445832,-231848.970912,-27097.442504
2025-05,326306.3339467,38303.49604,518403.9291498,60852.888292,279990.4716077,32866.70471,392791.9424379,46107.914807,-112801.4708302,46315.862339,5436.79133,125611.9867119,14744.973485,-79296.1243729,-9308.182155,-192097.5952031,-22549.392252
2025-06,300480.2284653,34978.851579,464532.4824055,54076.146211,262131.3344179,30514.66341,346035.1116847,40281.887695,-83903.7772668,38348.8940474,4464.188169,118497.3707208,13794.258516,-80148.4766734,-9330.070347,-164052.2539402,-19097.294632
2025-07,318781.1732246,37018.249553,558724.0799281,64881.4579,283230.2337844,32889.920618,424672.8131751,49314.844705,-141442.5793907,35550.9394402,4128.328935,134051.266753,15566.613195,-98500.3273128,-11438.28426,-239942.9067035,-27863.208347
2025-08,304303.2510671,34770.202664,542385.0995978,61973.836328,267810.674927,30600.499364,426323.1215097,48712.398945,-158512.4465827,36492.5761401,4169.7033,116061.9780881,13261.437383,-79569.401948,-9091.734083,-238081.8485307,-27203.633664
2025-09,319133.6996818,36132.73403,610250.8569754,69093.398194,277490.5911943,31417.846959,486344.3814966,55064.545385,-208853.7903023,41643.1084875,4714.887071,123906.4754788,14028.852809,-82263.3669913,-9313.965738,-291117.1572936,-32960.664164
2025-10,301546.4732817,34105.264752,678398.2650077,76727.650692,268819.8106835,30403.840284,547646.0556145,61939.420281,-278826.244931,32726.6625982,3701.424468,130752.2093932,14788.230411,-98025.546795,-11086.805943,-376851.791726,-42622.38594
2025-11,336680.7796398,37903.575069,559434.2721355,62981.198204,303756.8042402,34196.988752,434119.5578376,48873.247982,-130362.7535974,32923.9753996,3706.586317,125314.7142979,14107.950222,-92390.7388983,-10401.363905,-222753.4924957,-25077.623135
2025-12,344846.2863716,38277.423736,580879.0894261,64476.712962,307299.9770295,34109.839371,451186.0011979,50080.973499,-143886.0241684,37546.3093421,4167.584365,129693.0882282,14395.739463,-92146.7788861,-10228.155098,-236032.8030545,-26199.289226
2026-01,331262.6074313,36483.027708,646714.9403978,71224.818368,297804.0628818,32798.129445,525026.245085,57822.846841,-227222.1822032,33458.5445495,3684.898263,121688.6953128,13401.971527,-88230.1507633,-9717.073264,-315452.3329665,-34741.79066
