ref_month,attempts
2001-06,1
2001-07,1
2001-08,1
2001-09,1
2001-10,1
2001-11,1
2001-12,1
2002-01,1
2002-02,1
2002-03,1
2002-04,1
2002-05,1
2002-06,1
2002-07,1
2002-08,1
2002-09,1
2002-10,1
2002-11,1
2002-12,1
2003-01,1
2003-02,1
2003-03,1
2003-04,1
2003-05,1
2003-06,1
2003-07,1
2003-08,1
2003-10,1
2007-02,1
2007-03,1
2007-04,1
2007-05,1
2007-06,1
2007-07,1
2007-09,1
2007-10,1
2007-11,1
2007-12,1
2008-01,1
2008-02,1
2008-03,1
2008-04,1
2008-05,1
2008-06,1
2008-07,1
2008-08,1
2008-12,1
2009-01,1
2009-02,1
2009-03,1
2009-04,1
2009-05,1
2009-06,1
2009-07,1
2009-08,1
2009-09,1
2009-10,1
2009-11,1
2009-12,1
2010-01,1
2010-02,1
2010-03,1
2010-05,1
2010-11,1
2010-12,1
2011-02,1
2011-03,1
2011-04,1
2011-05,1
2011-06,1
2011-07,1
2011-08,1
2011-09,1
2011-10,1
2011-11,1
2011-12,1
2012-02,1
2013-07,2
2013-08,2
2013-10,2
2015-02,3
2015-03,3
2015-04,3
2015-05,3
2015-06,3
2015-07,3
2015-08,3
2015-09,3
2015-10,3
2015-11,3
2016-01,3
2016-06,4
2018-08,4
2023-03,4
2026-07,1
2026-08,1
