published,attempts
2000-01-08,4
2000-01-15,4
2000-01-22,4
2000-01-29,4
2000-02-05,4
2000-02-12,4
2000-02-19,4
2000-02-26,4
2000-03-04,4
2000-03-11,4
2000-03-18,4
2000-03-25,4
2000-04-01,4
2000-04-08,4
2000-04-17,4
2000-04-29,4
2000-05-06,4
2000-05-13,4
2000-05-20,4
2000-05-27,4
2000-06-03,4
2000-06-10,4
2000-06-17,4
2000-06-24,4
2000-07-01,4
2000-07-08,4
2000-07-15,4
2000-07-22,4
2000-07-29,4
2000-08-05,4
2000-08-12,4
2000-08-19,4
2000-08-26,4
2000-09-02,4
2000-09-09,4
2000-09-16,4
2000-09-23,4
2000-09-30,4
2000-10-07,4
2000-10-14,4
2000-10-21,4
2000-10-28,4
2000-11-04,4
2000-11-18,4
2000-11-25,4
2000-12-02,4
2000-12-09,4
2000-12-16,4
2000-12-23,4
2000-12-30,4
2001-01-06,4
2001-01-13,4
2001-01-20,4
2001-01-27,4
2001-02-03,4
2001-02-10,4
2001-02-17,4
2001-02-24,4
2001-03-03,4
2001-03-10,4
2001-03-17,4
2001-03-24,4
2001-03-31,4
2001-04-07,4
2001-04-14,4
2001-04-21,4
2001-04-28,4
2001-05-05,4
2001-05-12,4
2001-05-19,4
2001-05-26,4
2001-06-02,4
2001-06-09,4
2001-06-16,4
2001-06-23,4
2001-06-30,4
2001-07-07,4
2001-07-14,4
2001-07-21,4
2001-07-28,4
2001-08-04,4
2001-08-11,4
2001-08-18,4
2001-08-25,4
2001-09-01,4
2001-09-08,4
2001-09-15,4
2001-09-22,4
2001-09-29,4
2001-10-06,4
2001-10-13,4
2001-10-20,4
2001-10-27,4
2001-11-03,4
2001-11-10,4
2001-11-17,4
2001-11-24,4
2001-12-01,4
2001-12-08,4
2001-12-15,4
2001-12-22,4
2001-12-29,4
2002-01-05,4
2002-01-12,4
2002-01-19,4
2002-01-26,4
2002-02-02,4
2002-02-09,4
2002-02-16,4
2002-02-23,4
2002-03-02,4
2002-03-09,4
2002-03-16,4
2002-03-23,4
2002-03-30,4
2002-04-06,4
2002-04-13,4
2002-04-20,4
2002-04-27,4
2002-05-04,4
2002-05-11,4
2002-05-18,4
2002-05-25,4
2002-06-01,4
2002-06-08,4
2002-06-15,4
2002-06-22,4
2002-06-29,4
2002-07-06,4
2002-07-13,4
2002-07-20,4
2002-07-27,4
2002-08-03,4
2002-08-10,4
2002-08-17,4
2002-08-24,4
2002-08-31,4
2002-09-07,4
2002-09-14,4
2002-09-21,4
2002-09-28,4
2002-10-05,4
2002-10-12,4
2002-10-19,4
2002-10-26,4
2002-11-02,4
2002-11-09,4
2002-11-16,4
2002-11-23,4
2002-11-30,4
2002-12-07,4
2002-12-14,4
2002-12-21,4
2002-12-28,4
2003-01-04,4
2003-01-11,4
2003-01-18,4
2003-01-25,4
2003-02-01,4
2003-02-08,4
2003-02-15,4
2003-02-22,4
2003-03-01,4
2003-03-08,4
2003-03-15,4
2003-03-22,4
2003-03-29,4
2003-04-05,4
2003-04-12,4
2003-04-19,4
2003-04-26,4
2003-05-03,4
2003-05-10,4
2003-05-17,4
2003-05-24,4
2003-05-31,4
2003-06-07,4
2003-06-14,4
2003-06-21,4
2003-06-28,4
2003-07-05,4
2003-07-12,4
2003-07-19,4
2003-07-26,4
2003-08-02,4
2003-08-09,4
2003-08-16,4
2003-08-23,4
2003-08-30,4
2003-09-06,4
2003-09-13,4
2003-09-20,4
2003-09-27,4
2003-10-04,4
2003-10-11,4
2003-10-18,4
2003-10-25,4
2003-11-01,4
2003-11-08,4
2003-11-15,4
2003-11-22,4
2003-11-29,4
2003-12-06,4
2003-12-13,4
2003-12-20,4
2003-12-27,4
2004-01-03,4
2004-01-10,4
2004-01-17,4
2004-01-24,4
2004-01-31,4
2004-02-07,4
2004-02-14,4
2004-02-21,4
2004-02-28,4
2004-03-06,4
2004-03-13,4
2004-03-20,4
2004-03-27,4
2004-04-03,4
2004-04-10,4
2004-04-17,4
2004-04-24,4
2004-05-01,4
2004-05-08,4
2004-05-15,4
2004-05-22,4
2004-05-29,4
2004-06-05,4
2004-06-12,4
2004-06-19,4
2004-06-26,4
2004-07-03,4
2004-07-10,4
2004-07-17,4
2004-07-24,4
2004-07-31,4
2004-08-07,4
2004-08-14,4
2004-08-21,4
2004-08-28,4
2004-09-04,4
2004-09-11,4
2004-09-18,4
2004-09-25,4
2004-10-02,4
2004-10-09,4
2004-10-16,4
2004-10-23,4
2004-10-30,4
2004-11-06,4
2004-11-13,4
2004-11-20,4
2004-11-27,4
2004-12-04,4
2004-12-11,4
2004-12-18,4
2004-12-25,4
2005-01-01,4
2005-01-08,4
2005-01-15,4
2005-01-22,4
2005-01-29,4
2005-02-05,4
2005-02-12,4
2005-02-19,4
2005-02-26,4
2005-03-05,4
2005-03-12,4
2005-03-19,4
2005-03-26,4
2005-04-02,4
2005-04-09,4
2005-04-16,4
2005-04-23,4
2005-04-30,4
2005-05-07,4
2005-05-14,4
2005-05-21,4
2005-05-28,4
2005-06-04,4
2005-06-11,4
2005-06-18,4
2005-06-25,4
2005-07-02,4
2005-07-09,4
2005-07-16,4
2005-07-23,4
2005-07-30,4
2005-08-06,4
2005-08-13,4
2005-08-20,4
2005-08-27,4
2005-09-03,4
2005-09-10,4
2005-09-17,4
2005-09-24,4
2005-10-01,4
2005-10-08,4
2005-10-15,4
2005-10-21,4
2005-10-28,4
2005-11-04,4
2005-11-11,4
2005-11-18,4
2005-11-25,4
2005-12-02,4
2005-12-09,4
2005-12-16,4
2005-12-23,4
2005-12-30,4
2006-01-06,4
2006-01-13,4
2006-01-20,4
2006-01-27,4
2006-02-03,4
2006-02-10,4
2006-02-17,4
2006-02-24,4
2006-03-03,4
2006-03-10,4
2006-03-17,4
2006-03-24,4
2006-03-31,4
2006-04-07,4
2006-04-14,4
2006-04-21,4
2006-04-28,4
2006-05-05,4
2006-05-12,4
2006-05-19,4
2006-05-26,4
2006-06-02,4
2006-06-09,4
2006-06-16,4
2006-06-23,4
2006-06-30,4
2006-07-07,4
2006-07-14,4
2006-07-21,4
2006-07-28,4
2006-08-04,4
2006-08-11,4
2006-08-18,4
2006-08-25,4
2006-09-01,4
2006-09-08,4
2006-09-15,4
2006-09-22,4
2006-09-29,4
2006-10-06,4
2006-10-13,4
2006-10-20,4
2006-10-27,4
2006-11-03,4
2006-11-10,4
2006-11-17,4
2006-11-24,4
2006-12-01,4
2006-12-08,4
2006-12-15,4
2006-12-22,4
2006-12-29,4
2007-01-05,4
2007-02-02,4
2007-02-09,4
2007-02-23,4
2007-03-02,4
2007-03-09,4
2007-03-16,4
2007-03-23,4
2007-03-30,4
2007-04-06,4
2007-04-13,4
2007-04-20,4
2007-04-27,4
2007-05-04,4
2007-05-11,4
2007-05-18,4
2007-05-25,4
2007-06-01,4
2007-06-08,4
2007-06-15,4
2007-06-22,4
2007-06-29,4
2007-07-13,4
2007-07-20,4
2007-07-27,4
2007-08-03,4
2007-08-10,4
2007-08-17,4
2007-08-24,4
2007-08-31,4
2007-09-07,4
2007-09-14,4
2007-09-21,4
2007-09-28,4
2007-10-05,4
2007-10-12,4
2007-10-19,4
2007-10-26,4
2007-11-02,4
2007-11-09,4
2007-11-16,4
2007-11-23,4
2007-11-30,4
2007-12-07,4
2007-12-14,4
2007-12-21,4
2007-12-28,4
2008-01-04,4
2008-01-11,4
2008-01-18,4
2008-01-25,4
2008-02-01,4
2008-02-08,4
2008-02-15,4
2008-02-22,4
2008-02-29,4
2008-03-07,4
2008-03-14,4
2008-03-21,4
2008-03-28,4
2008-04-04,4
2008-04-11,4
2008-04-18,4
2008-04-25,4
2008-05-02,4
2008-05-09,4
2008-05-16,4
2008-05-23,4
2008-05-30,4
2008-06-06,4
2008-06-13,4
2008-06-20,4
2008-06-27,4
2008-07-04,4
2008-07-11,4
2008-07-18,4
2008-08-22,4
2008-08-29,4
2008-09-05,4
2008-09-12,4
2008-09-19,4
2008-09-26,4
2008-10-03,4
2008-10-10,4
2008-10-31,4
2008-11-07,4
2008-11-14,4
2008-11-21,4
2008-11-28,4
2008-12-05,4
2008-12-19,4
2008-12-26,4
2009-01-02,4
2009-01-09,4
2009-01-16,4
2009-01-23,4
2009-01-30,4
2009-02-20,4
2009-02-27,4
2009-03-06,4
2009-03-13,4
2009-03-20,4
2009-03-27,4
2009-04-10,4
2009-04-24,4
2009-05-08,4
2009-05-15,4
2009-05-22,4
2009-06-05,4
2009-06-12,4
2009-06-19,4
2009-06-26,4
2009-07-03,4
2009-07-10,4
2009-07-17,4
2009-07-24,4
2009-07-31,4
2009-08-14,4
2009-08-21,4
2009-08-28,4
2009-09-04,4
2009-09-11,4
2009-09-18,4
2009-09-25,4
2009-10-02,4
2009-10-09,4
2009-10-16,4
2009-10-23,4
2009-10-30,4
2009-11-06,4
2009-11-13,4
2009-11-20,4
2009-11-27,4
2009-12-11,4
2009-12-18,4
2009-12-25,4
2010-01-01,4
2010-01-08,4
2010-01-15,4
2010-01-22,4
2010-01-29,4
2010-02-05,4
2010-02-12,4
2010-02-19,4
2010-02-26,4
2010-03-05,4
2010-05-28,4
none,0
