fy,month,values
2019-20,Apr,"[108, 2658, 1, 500, 109, 3158, 4.7, 1.31, None, 1011, 615, 0, 1, 0, 11, 0, 0, 603, 20, 0, 0, 0, 0, 0, 2, 1250, 1210, 0, 40, 1, 0]"
2019-20,May,"[117, 2895, 5, 653, 122, 3548, 5.4, 1.35, None, 1030, 659, 0, 154, 0, 0, 0, 4, 501, 50, 0, 0, 0, 0, 0, 0, 1737, 301, 11, 1425, 0, 0]"
2019-20,Jun,"[104, 3499, 5, 1900, 109, 5399, 4.8, 1.59, None, 526, 1005, 0, 606, 0, 0, 0, 300, 98, 250, 0, 0, 0, 0, 0, 0, 3562, 1530, 0, 2032, 0, 0]"
2019-20,Jul,"[90, 3418, 3, 1563, 93, 4981, 5.7, 1.38, None, 1628, 2000, 0, 94, 7, 0, 0, 500, 1400, 21, 4, 4, 0, 0, 0, 0, 1318, 701, 22, 595, 0, 0]"
2019-20,Aug,"[115, 3167, 1, 150, 116, 3317, 5.2, 1.43, None, 1302, 645, 0, 300, 0, 0, 0, 330, 15, 85, 0, 0, 0, 0, 0, 0, 1239, 240, 11, 988, 0, 0]"
2019-20,Sep,"[118, 4139, 1, 750, 119, 4889, 6.1, 1.17, None, 1053, 840, 0, 90, 0, 3, 0, 0, 748, 88, 79, 14, 0, 65, 0, 0, 2769, 1500, 106, 1164, 0, 14]"
2019-20,Oct,"[100, 2877, 2, 538, 102, 3415, 5.3, 1.46, None, 1237, 1018, 0, 518, 0, 0, 0, 0, 500, 158, 0, 0, 0, 0, 0, 3, 979, 138, 5, 836, 0, 0]"
2019-20,Nov,"[122, 2116, 0, 0, 122, 2116, 7.1, 2.03, None, 1072, 809, 0, 508, 1, 0, 0, 300, 0, 59, 51, 32, 0, 19, 0, 0, 116, 38, 17, 62, 0, 1]"
2019-20,Dec,"[109, 1257, 4, 840, 113, 2097, 4.7, 1.41, None, 344, 284, 0, 2, 20, 0, 0, 0, 263, 42, 0, 0, 0, 0, 0, 0, 1406, 1065, 26, 314, 1, 0]"
2019-20,Jan,"[110, 5869, 4, 2532, 114, 8401, 7.1, 1.24, None, 1650, 3375, 68, 2290, 0, 1000, 11, 0, 7, 595, 1111, 0, 0, 1111, 0, 0, 1627, 1325, 2, 300, 0, 0]"
2019-20,Feb,"[84, 1159, 7, 3017, 91, 4175, 8.66, 2.01, None, 299, 2027, 240, 1412, 0, 0, 0, 225, 150, 101, 0, 0, 0, 0, 0, 0, 1714, 1063, 21, 630, 0, 0]"
2019-20,Mar,"[115, 4959, 8, 2478, 123, 7437, 5.58, 1.07, None, 3377, 1859, 0, 340, 9, 0, 0, 1508, 1, 357, 0, 0, 0, 0, 0, 0, 1782, 1348, 6, 428, 0, 0]"
2020-21,Apr,"[50, 696, 1, 300, 51, 996, 7, 1.7, None, 164, 278, 179, 0, 0, 0, 0, 0, 99, 90, 2, 2, 0, 0, 0, 0, 447, 439, 0, 8, 0, 8]"
2020-21,May,"[79, 991, 1, 500, 80, 1491, 4.16, 1.61, None, 515, 178, 0, 42, 95, 0, 0, 0, 40, 56, 0, 0, 0, 0, 0, 0, 741, 639, 0, 102, 0, 0]"
2020-21,Jun,"[105, 852, 1, 170, 106, 1022, 5.11, 2.44, None, 421, 2, 0, 0, 0, 0, 0, 0, 2, 158, 3, 3, 0, 0, 0, 0, 424, 296, 11, 117, 0, 0]"
2020-21,Jul,"[96, 848, 2, 1300, 98, 2148, 8.03, 2.4, None, 526, 1472, 43, 15, 0, 0, 0, 150, 1264, 74, 2, 2, 0, 0, 0, 0, 66, 50, 1, 15, 0, 0]"
2020-21,Aug,"[97, 1715, 1, 36, 98, 1751, 4.92, 1.86, None, 762, 761, 41, 509, 0, 6, 160, 23, 22, 94, 10, 10, 0, 0, 0, 0, 120, 12, 6, 102, 0, 0]"
2020-21,Sep,"[99, 5223, 0, 0, 99, 5223, 3.32, 1.66, None, 4964, 178, 7, 115, 56, 0, 0, 0, 0, 13, 0, 0, 0, 0, 0, 0, 56, 0, 24, 32, 0, 0]"
2020-21,Oct,"[76, 1733, 1, 300, 77, 2033, 3.62, 1.25, None, 1372, 144, 0, 92, 0, 0, 0, 0, 52, 70, 4, 4, 0, 0, 0, 0, 433, 300, 0, 133, 0, 0]"
2020-21,Nov,"[87, 2045, 0, 0, 87, 2045, 5.48, 1.87, None, 466, 900, 0, 194, 0, 0, 1, 706, 0, 583, 5, 5, 0, 0, 0, 0, 45, 27, 18, 0, 0, 0]"
2020-21,Dec,"[95, 2994, 0, 0, 95, 2994, 4.59, 1.65, None, 1868, 916, 338, 219, 0, 1, 0, 17, 342, 122, 0, 0, 0, 0, 0, 0, 80, 10, 15, 55, 0, 0]"
2020-21,Jan,"[95, 3744, 0, 0, 95, 3744, 7.5, 2.74, None, 468, 872, 0, 71, 0, 0, 0, 0, 801, 109, 1000, 0, 0, 1000, 0, 0, 1252, 1250, 0, 2, 0, 0]"
2020-21,Feb,"[78, 2077, 1, 500, 79, 2577, 8.74, 2.61, None, 592, 332, 0, 31, 0, 0, 0, 300, 1, 192, 0, 0, 0, 0, 0, 0, 1461, 1250, 1, 210, 0, 0]"
2020-21,Mar,"[106, 3883, 5, 5350, 111, 9233, 7.35, 2.19, None, 710, 3952, 27, 1425, 0, 750, 0, 1750, 0, 333, 0, 0, 0, 0, 0, 2110, 1809, 1750, 9, 50, 0, 0]"
2021-22,Apr,"[111, 2723, 0, 0, 111, 2723, 6.25, 2.1, None, 647, 2004, 34, 1945, 0, 0, 0, 0, 24, 21, 0, 0, 0, 0, 0, 0, 27, 0, 27, 0, 0, 0]"
2021-22,May,"[60, 738, 0, 0, 60, 738, 6.41, 1.86, None, 141, 355, 110, 145, 0, 0, 0, 100, 0, 231, 0, 0, 0, 0, 0, 0, 0, 0, 0, 0, 0, 0]"
2021-22,Jun,"[87, 1485, 0, 0, 87, 1485, 5.12, 1.75, None, 391, 802, 0, 293, 0, 0, 0, 510, 0, 132, 0, 0, 0, 0, 0, 0, 119, 91, 0, 29, 0, 0]"
2021-22,Jul,"[80, 3034, 1, 400, 81, 3434, 9.23, 2.44, None, 1001, 1699, 0, 442, 1, 0, 0, 500, 756, 32, 0, 0, 0, 0, 0, 0, 679, 414, 15, 250, 0, 0]"
2021-22,Aug,"[90, 2247, 1, 600, 91, 2847, 5.68, 1.29, None, 731, 956, 0, 3, 2, 500, 0, 450, 1, 36, 0, 0, 0, 0, 0, 0, 1081, 600, 0, 481, 0, 0]"
2021-22,Sep,"[86, 2595, 4, 1428, 90, 4023, 7.8, 2.91, None, 1305, 1294, 0, 1291, 2, 2, 0, 0, 0, 547, 0, 0, 0, 0, 100, 0, 767, 75, 6, 686, 0, 0]"
2021-22,Oct,"[76, 1339, 0, 0, 76, 1339, 5.04, 1.14, None, 231, 1065, 0, 166, 0, 0, 0, 850, 48, 16, 0, 0, 0, 0, 0, 0, 5, 0, 0, 5, 0, 0]"
2021-22,Nov,"[90, 1694, 3, 705, 93, 2399, 4.37, 2.79, None, 401, 1110, 0, 1106, 0, 1, 0, 0, 3, 48, 100, 0, 0, 100, 0, 4, 724, 550, 1, 173, 0, 0]"
2021-22,Dec,"[139, 4374, 1, 1175, 140, 5549, 5.3, 1.01, None, 442, 2584, 109, 959, 0, 5, 0, 1100, 411, 291, 500, 0, 0, 500, 0, 0, 1690, 1275, 17, 398, 0, 0]"
2021-22,Jan,"[81, 3879, 4, 4100, 85, 7979, 15.18, 1.81, None, 5783, 843, 0, 708, 5, 0, 0, 130, 0, 34, 0, 0, 0, 0, 0, 0, 1315, 1225, 0, 90, 0, 0]"
2021-22,Feb,"[71, 805, 2, 1523, 73, 2328, 6.3, 1.4, None, 491, 1324, 1308, 7, 0, 0, 0, 0, 9, 129, 0, 0, 0, 0, 0, 0, 372, 273, 0, 99, 0, 0]"
2021-22,Mar,"[115, 3938, 2, 1104, 117, 5042, 5.9, 1.23, None, 680, 2987, 36, 1150, 0, 750, 0, 1051, 0, 53, 9, 9, 0, 0, 0, 0, 1216, 1118, 27, 71, 0, 0]"
2022-23,Apr,"[65, 362, 0, 0, 65, 362, 5.3, 1.63, None, 174, 56, 50, 5, 0, 0, 0, 0, 1, 113, 0, 1, 0, 0, 0, 0, 8, 0, 8, 0, 0, 0]"
2022-23,May,"[95, 1416, 1, 100, 96, 1516, 5.8, 2.52, None, 712, 456, 0, 54, 10, 0, 100, 16, 276, 129, 0, 0, 0, 0, 0, 0, 210, 100, 0, 110, 0, 0]"
2022-23,Jun,"[109, 1789, 1, 100, 110, 1889, 5.5, 1.77, None, 389, 131, 0, 125, 0, 0, 0, 5, 1, 661, 300, 0, 0, 300, 0, 0, 406, 0, 6, 400, 0, 0]"
2022-23,Jul,"[96, 2316, 1, 300, 97, 2616, 4.64, 1.28, None, 296, 288, 36, 60, 0, 0, 0, 164, 28, 118, 303, 3, 0, 300, 0, 0, 1611, 340, 51, 1220, 0, 0]"
2022-23,Aug,"[83, 1875, 0, 0, 83, 1875, 7.3, 1.63, None, 773, 540, 36, 504, 0, 0, 0, 0, 0, 66, 0, 0, 0, 0, 0, 0, 480, 50, 0, 430, 0, 0]"
2022-23,Sep,"[100, 2609, 1, 100, 101, 2709, 5.3, 1.8, None, 616, 1129, 0, 152, 7, 0, 330, 350, 290, 91, 102, 2, 0, 100, 0, 0, 770, 150, 105, 515, 0, 0]"
2022-23,Oct,"[77, 931, 3, 499, 80, 1430, 5.3, 1.24, None, 198, 464, 0, 14, 0, 0, 100, 350, 0, 213, 100, 0, 0, 100, 0, 0, 450, 399, 0, 51, 0, 0]"
2022-23,Nov,"[92, 5203, 0, 0, 92, 5203, 4.7, 1.62, None, 2116, 2971, 0, 1192, 14, 1515, 0, 250, 0, 13, 0, 0, 0, 0, 0, 0, 81, 0, 31, 50, 0, 0]"
2022-23,Dec,"[99, 2768, 0, 0, 99, 2768, 7.2, 1.68, None, 522, 28, 0, 6, 0, 22, 0, 0, 0, 36, 0, 0, 0, 0, 0, 0, 2148, 1418, 3, 727, 0, 0]"
2022-23,Jan,"[74, 777, 1, 1000, 75, 1777, 7.9, 2.16, None, 291, 192, 0, 2, 0, 0, 0, 150, 40, 236, 1000, 0, 0, 1000, 0, 0, 35, 0, 35, 0, 0, 0]"
2022-23,Feb,"[69, 644, 0, 0, 69, 644, 5.2, 1.53, None, 160, 156, 37, 111, 0, 1, 0, 0, 7, 66, 0, 0, 0, 0, 0, 0, 216, 0, 0, 216, 0, 0]"
2022-23,Mar,"[134, 3466, 1, 374, 135, 3840, 5.6, 1.81, None, 678, 1985, 174, 10, 1, 0, 0, 800, 1000, 31, 0, 0, 0, 0, 0, 0, 1125, 574, 74, 477, 0, 0]"
2023-24,Apr,"[102, 1561, 4, 3799, 106, 5360, 5.4, 0.92, None, 413, 3516, 3, 205, 0, 2799, 0, 500, 9, 90, 0, 0, 0, 0, 0, 0, 1327, 1059, 18, 250, 0, 0]"
2023-24,May,"[129, 2648, 1, 5000, 130, 7648, 6.9, 2.41, None, 5570, 924, 97, 96, 0, 170, 0, 300, 261, 47, 0, 0, 0, 0, 0, 0, 1078, 150, 39, 889, 0, 0]"
2023-24,Jun,"[138, 5885, 3, 2074, 141, 7959, 5.3, 1.49, None, 4820, 2116, 14, 0, 27, 1750, 3, 30, 292, 10, 0, 0, 0, 0, 0, 0, 905, 332, 288, 285, 0, 0]"
2023-24,Jul,"[93, 485, 2, 2074, 95, 2559, 5, 0.83, None, 223, 1635, 43, 2, 0, 1590, 0, 0, 0, 101, 0, 0, 0, 0, 0, 0, 562, 505, 2, 55, 0, 0]"
2023-24,Aug,"[92, 1498, 2, 1270, 94, 2768, 4.9, 1.3, None, 988, 713, 182, 3, 6, 0, 61, 460, 1, 64, 0, 0, 0, 0, 0, 0, 795, 712, 44, 39, 0, 0]"
2023-24,Sep,"[81, 2200, 2, 564, 83, 2764, 5.2, 1.82, None, 130, 712, 281, 331, 0, 0, 0, 100, 0, 495, 0, 0, 0, 0, 0, 0, 1402, 1193, 13, 196, 0, 0]"
2023-24,Oct,"[90, 742, 0, 0, 90, 742, 13.9, 1.98, None, 184, 351, 350, 0, 0, 0, 0, 0, 1, 26, 0, 0, 0, 0, 0, 0, 31, 0, 2, 29, 0, 0]"
2023-24,Nov,"[64, 1146, 0, 0, 64, 1146, 4.5, 1.61, None, 502, 163, 120, 0, 0, 0, 30, 5, 8, 87, 0, 0, 0, 0, 0, 0, 379, 103, 0, 276, 0, 0]"
2023-24,Dec,"[95, 3693, 3, 1450, 98, 5143, 4.9, 1.85, None, 519, 2623, 240, 1963, 0, 0, 0, 420, 0, 58, 750, 0, 0, 750, 0, 0, 1131, 700, 11, 420, 0, 0]"
2023-24,Jan,"[77, 1820, 5, 1270, 82, 3090, 3.7, 1.33, None, 166, 706, 100, 55, 0, 0, 1, 550, 0, 13, 0, 0, 0, 0, 0, 20, 2145, 1437, 0, 708, 0, 0]"
2023-24,Feb,"[104, 2021, 3, 275, 107, 2296, 5.8, 1.77, None, 591, 341, 75, 152, 0, 0, 0, 10, 104, 330, 127, 0, 0, 127, 0, 0, 902, 398, 11, 493, 0, 0]"
2023-24,Mar,"[123, 5762, 8, 1972, 131, 7734, 6.1, 1.73, None, 1730, 2116, 0, 706, 0, 0, 20, 105, 1285, 205, 851, 1, 0, 850, 0, 0, 2704, 1145, 103, 1456, 0, 0]"
2024-25,Apr,"[100, 3891, 1, 394, 101, 4285, 5, 1.32, None, 410, 1814, 43, 380, 0, 0, 46, 550, 795, 18, 0, 0, 0, 0, 0, 0, 1875, 411, 28, 1436, 0, 0]"
2024-25,May,"[108, 3669, 2, 343, 110, 4012, 4.9, 2.05, None, 497, 1366, 0, 434, 0.05, 0, 56, 0, 876, 138, 0, 0, 0, 0, 0, 0, 1424, 555, 52, 817, 0, 0]"
2024-25,Jun,"[121, 1811, 4, 1005, 125, 2816, 5.8, 1.36, None, 603, 808, 0, 745, 27, 0, 17, 19, 0, 37, 19, 19, 0, 0, 0, 0, 1311, 1062, 38, 211, 0, 0]"
2024-25,Jul,"[119, 3581, 0, 0, 119, 3581, 5.2, 1.45, None, 626, 1393, 0, 559, 0, 0, 0, 800, 34, 349, 4, 4, 0, 0, 0, 0, 1195, 0, 16, 1179, 0, 0]"
2024-25,Aug,"[99, 5460, 3, 449, 102, 5909, 4.5, 1.49, None, 1452, 1042, 0, 983, 0, 0, 0, 0, 59, 372, 0, 0, 0, 0, 0, 0, 3009, 773, 18, 2218, 0, 0]"
2024-25,Sep,"[95, 3776, 1, 1065, 96, 4841, 4.4, 1.36, None, 378, 328, 0, 15, 0, 0, 0, 313, 0, 437, 0, 0, 0, 0, 0, 0, 3578, 2777, 31, 770, 0, 0]"
2024-25,Oct,"[135, 5029, 1, 470, 136, 5499, 6.7, 1.58, None, 926, 2941, 200, 1449, 1, 0, 63, 850, 378, 86, 0, 0, 0, 0, 0, 0, 1436, 285, 120, 1031, 0, 0]"
2024-25,Nov,"[82, 1398, 4, 1435, 86, 2833, 5.8, 1.18, None, 1419, 372, 0, 60, 0, 0, 0, 312, 0, 256, 0, 0, 0, 0, 0, 0, 743, 75, 0, 668, 0, 0]"
2024-25,Dec,"[112, 6234, 12, 3309, 124, 9543, 4.5, 1.45, None, 3685, 533, 0, 0, 0, 0, 0, 530, 3, 685, 3, 3, 0, 0, 0, None, 4614, 3042, 0, 1572, 0, 0]"
2024-25,Jan,"[108, 1978, 5, 2020, 113, 3998, 5.8, 1.53, None, 242, 831, 0, 398, 0, 13, 0, 207, 213, 115, 1000, 0, 0, 1000, 0, 0, 1792, 1370, 56, 366, 0, 0]"
2024-25,Feb,"[107, 2627, 1, 197, 108, 2824, 5.4, 1.87, None, 1389, 527, 371, 49, 0, 0, 0, 100, 7, 211, 0, 0, 0, 0, 0, 0, 623, 472, 0, 151, 0, 0]"
2024-25,Mar,"[142, 8346, 17, 2697, 159, 11043, 4.5, 1.39, None, 2273, 3507, 0, 1828, 0, 0, 2, 1675, 2, 522, 0, 0, 0, 0, 0, 0, 4718, 1567, 100, 3051, 0, 0]"
2025-26,Apr,"[119, 1907, 3, 1010, 122, 2917, 4.2, 1.41, None, 817, 48, 0, 0, 0, 0, 45, 0, 3, 337, 8, 8, 0, 0, 0, 0, 1530, 1159, 0, 371, 0, 0]"
2025-26,May,"[100, 2739, 0, 0, 100, 2739, 4.8, 1.46, None, 1201, 717, 0, 0, 0, 0, 1, 305, 411, 242, 0, 0, 0, 0, 0, 0, 566, 0, 86, 480, 0, 0]"
2025-26,Jun,"[112, 2733, 1, 750, 113, 3483, 4.9, 1.7, None, 954, 1819, 5, 155, 0, 0, 7, 0, 1652, 19, 0, 0, 0, 0, 0, 0, 682, 97, 18, 567, 0, 0]"
2025-26,Jul,"[126, 3220, 1, 101, 127, 3321, 5.3, 1.61, None, 299, 1260, 0, 724, 0, 0, 0, 160, 376, 379, 0, 0, 0, 0, 0, 0, 1372, 121, 15, 1236, 0, 0]"
2025-26,Aug,"[96, 2217, 2, 1050, 98, 3267, 5.5, 1.41, None, 207, 698, 26, 198, 0, 0, 0, 470, 4, 498, 0, 0, 0, 0, 0, 0, 1853, 467, 0, 1386, 0, 0]"
2025-26,Sep,"[127, 2393, 1, 406, 128, 2799, 5, 1.27, None, 1097, 377, 215, 3, 0, 0, 0, 100, 59, 273, 0, 0, 0, 0, 0, 0, 1051, 528, 67, 456, 0, 0]"
2025-26,Oct,"[79, 1915, 2, 291, 81, 2206, 5.1, 2.11, None, 762, 418, 0, 243, 0, 0, 0, 175, 0, 150, 0, 0, 0, 0, 0, 0, 831, 191, 0, 640, 0, 0]"
2025-26,Nov,"[106, 2243, 1, 159, 107, 2402, 4.7, 1.56, None, 200, 1479, 0, 283, 0, 0, 48, 950, 198, 179, 0, 0, 0, 0, 0, 0, 541, 147, 89, 305, 0, 0]"
2025-26,Dec,"[129, 3122, 6, 1314, 135, 4436, 4.7, 1.38, None, 821, 757, 275, 176, 0, 0, 0, 300, 6, 541, 354, 4, 0, 350, 0, 0, 1944, 879, 76, 989, 0, 0]"
2025-26,Jan,"[113, 4183, 3, 1152, 116, 5335, 7.6, 1.42, None, 337, 1266, 0, 608, 0, 0, 0, 600, 58, 778, 1000, 0, 0, 1000, 0, 0, 1884, 596, 0, 1288, 0, 0]"
