date,3_MON,6_MON,1_MON
2001-01-31,4.24,4.32,4.24
2001-02-28,4.15,4.33,3.6
2001-03-31,4.44,4.55,4.34
2001-04-30,4.51,4.84,3.95
2001-05-31,4.95,5.06,5.02
2001-06-30,4.82,4.95,4.43
2001-07-31,4.5,4.73,4.22
2001-08-31,4.52,4.71,4.19
2001-09-30,5.6,5.5,5.57
2001-10-31,6.02,6.03,5.91
2001-11-30,6.16,6.21,5.72
2001-12-31,6.34,6.36,6.44
2002-01-31,6,5.99,5.7
2002-02-28,5.49,5.46,5.05
2002-03-31,6.46,5.93,6.91
2002-04-30,6.12,6.06,5.84
2002-05-31,6.23,6.19,6.04
2002-06-30,5.37,5.54,4.74
2002-07-31,4.4,4.56,4.08
2002-08-31,4.09,4.31,4
2002-09-30,3.94,4.04,3.87
2002-10-31,3.81,3.9,3.71
2002-11-30,3.66,3.87,3.34
2002-12-31,3.32,3.66,3.21
2003-01-31,3.42,3.41,3.45
2003-02-28,3.55,3.55,3.07
2003-03-31,3.6,3.5,3.81
2003-04-30,2.08,2.24,1.71
2003-05-31,1.1,1.03,1.09
2003-06-30,2.76,2.15,2.91
2003-07-31,2.65,2.29,2.79
2003-08-31,2.25,1.9,3.28
2003-09-30,0.523218,0.697624,0.026161
2003-10-31,0.02297804545455,0.29855245454545,-0.67041586363636
2003-11-30,-0.12223557894737,0.20467436842105,-0.84238352631579
2003-12-31,-0.29991027272727,0.04124804545455,-0.45442831818182
2004-01-31,0.49680004761905,0.40589847619048,0.72678376190476
2004-02-29,0.511461,0.49447272222222,0.52315105555556
2004-03-31,0.61542252380952,0.51302628571429,1.00230228571429
2004-04-30,-0.35723077777778,-0.1100525,-0.96607811111111
2004-05-31,-1.3255523,-0.69023295,-2.11002345
2004-06-30,0.92951245454545,0.64633354545455,1.458932
2004-07-31,2.24470645454545,1.86290472727273,2.71437240909091
2004-08-31,2.84738476190476,2.59541704761905,3.06729319047619
2004-09-30,2.2,1.88,2.5
2004-10-31,2.86396684210526,2.49714605263158,3.0552812631579
2004-11-30,2.16050194736842,1.90398715789474,2.47958278947368
2004-12-31,2.02858447826087,1.71847013043478,2.51197560869565
2005-01-31,2.49687815789474,2.07762363157895,2.87449373684211
2005-02-28,1.9856474,1.75930015,1.93177635
2005-03-31,1.82437561904762,1.62377276190476,2.27672128571429
2005-04-30,1.95801235294118,1.764342,2.10625217647059
2005-05-31,1.56980576190476,1.4732729047619,1.63932761904762
2005-06-30,1.39530536363636,1.30638854545455,1.53851909090909
2005-07-31,1.56390578947368,1.40684184210526,1.71816336842105
2005-08-31,0.68974304761905,0.79072114285714,0.48829571428571
2005-09-30,0.62,0.63,0.62
2005-10-31,0.69139775,0.5969112,0.88200045
2005-11-30,0.6352481,0.52741845,1.03335615
2005-12-31,1.50493295454545,1.06685054545455,2.20347431818182
2006-01-31,2.59978515,1.90342385,3.25393005
2006-02-28,2.85321173684211,2.19211110526316,2.93578005263158
2006-03-31,3.10872861904762,2.43399252380952,3.79505538095238
2006-04-30,1.30782852941176,1.29000564705882,1.41924811764706
2006-05-31,0.86559036363636,0.96621013636364,0.86254495454545
2006-06-30,0.72800422727273,0.97956645454545,0.523312
2006-07-31,0.82799252380952,1.04047961904762,0.68026123809524
2006-08-31,1.21866195454545,1.25915372727273,1.19093463636364
2006-09-30,1.30695042857143,1.2914630952381,1.26969766666667
2006-10-31,1.66568221052632,1.55889878947368,1.90023768421053
2006-11-30,2.06944872727273,1.93987881818182,2.21314931818182
2006-12-31,3.1965645,2.94144515,4.11192665
2007-01-31,4.21617915,3.55460485,4.5326181
2007-02-28,3.71482438888889,3.29670583333333,3.32121761111111
2007-03-31,4.5130914,3.80163685,6.9936081
2007-04-30,6.91194394736842,5.9321182631579,8.125324
2007-05-31,4.58365838095238,4.48258628571429,4.26354776190476
2007-06-30,2.59,2.79,2.1
2007-07-31,1.12131727272727,1.65227990909091,0.12291886363636
2007-08-31,1.58836457142857,1.60523085714286,1.68740357142857
2007-09-30,1.45403098478902,1.36767441288832,1.74536265702408
2007-10-31,1.12507397385865,1.2487675623329,1.14213597089428
2007-11-30,1.39691528318103,1.37486255713925,2.04466395629866
2007-12-31,1.64041943236483,1.70301584182594,2.45056576605021
2008-01-31,2.06855795446241,1.87560577987848,2.3287206887343
2008-02-29,0.23581476136202,0.68464054404749,-1.39993328196229
2008-03-31,1.25486910439304,1.18926924847453,1.78559102105741
2008-04-30,2.68485689340167,2.38355462702124,3.0236268700022
2008-05-31,2.45253697770868,1.85474885204447,3.28657439239456
2008-06-30,3.69203639114832,3.15191647910823,4.36771273070871
2008-07-31,6.04218668188917,4.91585527298949,7.53956806823899
2008-08-31,4.70968485598454,3.8408406082978,5.47711334885
2008-09-30,2.35169506864149,1.97751067853038,2.95237408727004
2008-10-31,1.13204295044596,0.6981587795047,2.4832358338844
2008-11-30,4.20139802568473,2.66401613593468,6.78115176569326
2008-12-31,4.58855898159998,3.22106971641629,5.77653403024246
2009-01-31,3.1044076483931,2.34883728925955,4.0612535149971
2009-02-28,2.68071682678075,2.12415419666369,3.19552425580488
2009-03-31,3.99048669468502,3.19732504990119,5.21841204773271
2009-04-30,3.33572849896217,2.81633363757989,3.77481053301938
2009-05-31,3.41735857221583,2.89235735298307,3.64186502206162
2009-06-30,3.294139413759,2.8552652004471,3.46213206944805
2009-07-31,2.55168235111146,2.41759647842646,2.67734391316651
2009-08-31,2.80010145823465,2.6881071334771,2.98085255656565
2009-09-30,2.65896666058043,2.71663283342577,2.60861149632865
2009-10-31,2.92978955399787,3.19705534520954,2.6766022898594
2009-11-30,2.45872232686002,2.73040014208382,2.25479742406551
2009-12-31,2.50573002169889,2.82542547685648,2.67104480759911
2010-01-31,2.92653982206158,2.83798036358423,2.83397289158165
2010-02-28,2.77661271892034,2.67332568040653,2.18108237934689
2010-03-31,3.27751326538197,3.09845930536691,3.44234284145279
2010-04-30,3.4229339227957,3.38276176509114,3.47028197125778
2010-05-31,2.87925123932684,2.59936771176227,3.43574933041135
2010-06-30,3.71465800949067,3.21843674736981,4.39770183030149
2010-07-31,4.72931888992911,4.11636407138247,5.25794593192951
2010-08-31,5.3794912996275,4.85902023748016,5.68883317788834
2010-09-30,5.75187209270461,5.35663101884022,5.99727526776983
2010-10-31,6.94412902717726,6.50445285853639,7.84910086744085
2010-11-30,6.5046729484091,5.94833699829901,7.18049209104644
2010-12-31,6.59154183960969,6.33913274497272,7.05411006504529
2011-01-31,6.77626181758313,6.40655476417747,6.78788896012999
2011-02-28,6.66525056478147,6.35362082465351,6.33279274286076
2011-03-31,7.30903277676202,6.88897314854345,8.02549104658209
2011-04-30,7.47431514002876,7.37568644443298,7.42044323664875
2011-05-31,6.67997450341102,6.53811426943253,6.76739405093543
2011-06-30,6.67290122958194,6.39915971864905,6.65306796213324
2011-07-31,6.63433742976128,6.38886437737908,6.9580894337054
2011-08-31,4.1297849420634,3.93684848101527,3.68891980098918
2011-09-30,4.34665464313572,3.40684153121326,4.64199418381608
2011-10-31,4.95099857303463,3.83122091440175,5.92027461622857
2011-11-30,5.20376557932846,4.24425596697056,6.73858683567952
2011-12-31,6.63922753931764,5.96115071038811,8.0428585317445
2012-01-31,7.80687247313701,6.79727921551323,8.88740821956785
2012-02-29,8.30954778349641,7.17674944856415,8.93608234464513
2012-03-31,8.54977007049108,7.3968823956996,10.09305162773048
2012-04-30,7.72993550517926,7.05135976425115,8.57620178098257
2012-05-31,7.21938515911971,6.35425148589243,7.93399443262561
2012-06-30,6.87174052786621,5.90047698258273,7.47871813326132
2012-07-31,7.21100563847246,6.52110791741772,7.92638054601984
2012-08-31,7.37276835319216,6.8617326089665,7.84254554183546
2012-09-30,6.89517039657883,6.50520731299471,7.40845042753017
2012-10-31,6.78453790486308,6.32794173749554,7.54497542932385
2012-11-30,6.41893227430795,6.05502077074806,7.04114055755039
2012-12-31,6.73759075759021,6.57487394049844,7.53121495070639
2013-01-31,7.1688536994289,6.70656427371162,7.43438404505151
2013-02-28,7.75910117833405,7.24465134479758,7.00960330474251
2013-03-31,7.86530661537281,7.27322396836042,8.78867639217379
2013-04-30,7.49854507930937,7.17680232747827,7.74189908680676
2013-05-31,6.84759450092292,6.4649917206046,7.20582100440178
2013-06-30,6.3467991521691,5.90405610939594,6.86262673676049
2013-07-31,7.82675438766714,7.4692654633577,8.35522447541277
2013-08-31,9.52264355029421,8.71124253087752,10.34819828330614
2013-09-30,9.56476983411384,8.54805120582393,10.64851416862961
2013-10-31,9.12325472008363,8.46138749540338,9.23505611998371
2013-11-30,8.9312693211044,8.55313289418985,9.08083553896249
2013-12-31,8.78121924292199,8.58122911139179,9.28121036798578
2014-01-31,8.52360585471432,8.17018542956232,8.6043267754991
2014-02-28,8.79316550903093,8.44332836878671,8.31155262488119
2014-03-31,9.25575822028066,8.74336371856589,10.53644505788953
2014-04-30,8.46023354343968,8.41176736708169,8.64403581773254
2014-05-31,8.27772964242162,8.10951618817904,8.43361418143843
2014-06-30,8.74531139010827,8.71394800834716,8.73896213775704
2014-07-31,8.72538389336751,8.70332959410755,8.91549750580335
2014-08-31,8.56087604860649,8.52437746239114,9.03278224330748
2014-09-30,8.43208959629742,8.40226691701647,8.76998130032072
2014-10-31,8.05523413790772,7.91330722153823,8.17000284012434
2014-11-30,7.83859270772762,7.62961249285484,7.96227962363426
2014-12-31,7.46452440068052,7.28920920062958,8.24108714276587
2015-01-31,7.70078124478177,7.36001726149318,7.98212820358649
2015-02-28,7.84659332157826,7.59041641294265,7.53926462406727
2015-03-31,8.25684831618167,7.98411963449412,9.04938869271815
2015-04-30,7.73864314595508,7.70916638888653,8.03765263914139
2015-05-31,7.55648667345569,7.38906541143104,7.91471488855897
2015-06-30,7.35131582479187,7.21611244921569,7.42673787713149
2015-07-31,7.28633199852715,7.21245708674658,7.43664596460288
2015-08-31,6.98696813030338,6.91815024721587,7.29478697537099
2015-09-30,6.65404941191543,6.52332493692141,6.85475416681792
2015-10-31,6.68174875264643,6.6857256389874,6.8986236599553
2015-11-30,6.55973374065984,6.52168420136544,6.68510760290598
2015-12-31,6.20520565417939,6.38546900064221,6.44349373867404
2016-01-31,6.40821053271349,6.31820790549429,6.51328451258636
2016-02-29,6.77511724179221,6.53076734778026,6.67113147257813
2016-03-31,7.56289172222953,7.10719326396612,8.71167947816634
2016-04-30,6.747451647499,6.6026919332644,7.14787759197244
2016-05-31,6.62844223303692,6.52584030263238,6.83545678124082
2016-06-30,6.46422685438477,6.26161291299923,6.44813040632951
2016-07-31,6.31771290011282,6.12157836108712,6.52479960539102
2016-08-31,6.31989991171298,6.02832181276984,6.55618660254852
2016-09-30,6.1663290309125,5.78380922463884,6.52612029400829
2016-10-31,5.77852788005792,5.56687550531307,6.31977059555721
2016-11-30,4.58336792321308,4.65050765724103,4.49984724770627
2016-12-31,4.0953318359999,4.32423774422449,4.19510959496258
2017-01-31,4.77301162371021,4.62896105490267,4.83025296200622
2017-02-28,5.12372405889558,4.860936038994,4.66635407454762
2017-03-31,5.0813633876724,4.93801348349335,5.39672289746335
2017-04-30,5.24721223440389,5.18522417062276,5.40939800342089
2017-05-31,5.03985487289552,4.9342283669844,5.18458176217539
2017-06-30,4.80588946362862,4.6739704676959,4.808955425766
2017-07-31,4.75183611075571,4.69757457564577,4.92104275872098
2017-08-31,4.56639943882102,4.49993137894465,4.7086030884631
2017-09-30,4.27270764768961,4.23678396616872,4.52130143008097
2017-10-31,4.41058438558568,4.38247555521282,4.78902480028165
2017-11-30,4.33044917377621,4.48567555312969,4.42707056290725
2017-12-31,4.03805160790236,4.41501384023641,3.96463106667596
2018-01-31,4.53956960324385,4.48210824784756,4.40351037336149
2018-02-28,4.730448,4.458675,4.370119
2018-03-31,4.540985,4.166269,5.26931
2018-04-30,4.096022,4.040739,4.392259
2018-05-31,4.031415,4.035939,4.191785
2018-06-30,4.270576,4.290096,4.252166
2018-07-31,4.405636,4.397011,4.482508
2018-08-31,4.441975,4.357431,4.508539
2018-09-30,4.579625,4.41361,4.748941
2018-10-31,4.523006,4.377493,4.85793
2018-11-30,4.053705,4.128439,4.290871
2018-12-31,3.920673,4.06984,4.27135
2019-01-31,4.116816,4.092231,4.172888
2019-02-28,4.312681,4.154512,4.09707
2019-03-31,4.40057,4.038754,5.066266
2019-04-30,4.789977,4.417741,5.658679
2019-05-31,4.381636,4.283384,4.488074
2019-06-30,4.509661,4.450686,4.720292
2019-07-31,4.229795,4.4087,4.117321
2019-08-31,4.079638,4.112293,3.946256
2019-09-30,4.202204,4.348681,4.422548
2019-10-31,3.764715,4.090754,3.711424
2019-11-30,3.485557,3.923692,3.334019
2019-12-31,3.692522,4.19038,3.744701
2020-01-31,4.089107,4.19407,3.755326
2020-02-29,3.815832,3.83213,3.398821
2020-03-31,4.678001,4.352393,5.759692
2020-04-30,4.206786,4.158856,4.384272
2020-05-31,3.796314,3.877053,3.863759
2020-06-30,3.601536,3.738351,3.508104
2020-07-31,3.726795,3.78881,3.753425
2020-08-31,3.812923,3.907471,3.748178
2020-09-30,3.88587,3.958383,3.869159
2020-10-31,3.639061,3.96625,3.537213
2020-11-30,3.376874,3.869361,3.372785
2020-12-31,3.652967,4.353287,3.802368
2021-01-31,4.733181,4.754147,4.333264
2021-02-28,5.72382,5.375158,4.354097
2021-03-31,5.603006,5.299362,6.137816
2021-04-30,4.830917,4.797293,5.009004
2021-05-31,5.81667,5.517992,6.267494
2021-06-30,4.241214,4.34071,4.090221
2021-07-31,4.078934,4.211896,3.971609
2021-08-31,3.771356,3.914363,3.671783
2021-09-30,3.614324,3.856502,3.572638
2021-10-31,4.036815,4.405395,3.945706
2021-11-30,4.039949,4.717928,3.789391
2021-12-31,3.844626,4.606966,3.821319
2022-01-31,4.569619,4.731441,3.953751
2022-02-28,4.483418,4.281965,3.612429
2022-03-31,4.38488,4.127236,4.933963
2022-04-30,3.941953,3.92005,4.008771
2022-05-31,3.745038,3.753994,3.745136
2022-06-30,3.180235,3.167467,3.103501
2022-07-31,3.192741,3.03801,3.366383
2022-08-31,3.195644,3.043517,3.390088
2022-09-30,3.083733,2.852598,3.375401
2022-10-31,3.098961,2.876094,3.486053
2022-11-30,2.39758,2.408369,2.538042
2022-12-31,2.057396,2.163369,2.096127
2023-01-31,2.37088,2.32348,1.970799
2023-02-28,2.475631,2.258425,1.935432
2023-03-31,2.454698,2.341066,2.697743
2023-04-30,1.997937,2.128485,1.919018
2023-05-31,1.633638,1.741782,1.572411
2023-06-30,1.373528,1.458139,1.288931
2023-07-31,1.303044,1.39408,1.311108
2023-08-31,1.312528,1.362609,1.300963
2023-09-30,1.518373,1.567813,1.498051
2023-10-31,1.493359,1.715619,1.380433
2023-11-30,1.075662,1.46283,0.842739
2023-12-31,1.166036,1.488414,1.170867
2024-01-31,1.544602,1.617318,1.399034
2024-02-29,1.531981,1.52717,1.247495
2024-03-31,1.187639,1.339524,1.052437
2024-04-30,1.218929,1.36281,1.150983
2024-05-31,1.28784,1.399357,1.295077
2024-06-30,1.163983,1.303954,1.203044
2024-07-31,1.200557,1.376707,1.154935
2024-08-31,1.331561,1.61592,1.154494
2024-09-30,1.60993905,1.87059925,1.49662595
2024-10-31,1.777106048,2.023026714,1.645668476
2024-11-30,1.762159944,2.012425056,1.643600444
2024-12-31,2.363222952,2.312139143,2.721118524
2025-01-31,3.042827783,2.680058652,3.236549391
2025-02-28,2.657303111,2.293539222,2.691863944
2025-03-31,2.583907053,2.287028947,3.312522421
2025-04-30,2.404996944,2.227000444,2.773647
2025-05-31,2.123122,2.0266544,2.31112165
2025-06-30,1.594323524,1.67188481,1.523594571
2025-07-31,1.653518,1.784023565,1.607672913
2025-08-31,1.797039368421,1.923268578947,1.717698631579
2025-09-30,1.998890714286,2.11439,1.901715952381
2025-10-31,2.063628238095,2.195070142857,1.951465904762
2025-11-30,2.014555421053,2.12589,1.891179473684
2025-12-31,3.026395565217,2.883918478261,3.866847043478
2026-01-30,3.01499615,2.8273429,2.80987325
2026-02-27,2.519636499801,2.472138402832,1.830338235198
2026-03-30,3.591133237828,3.152347770182,4.08141744147
2026-04-30,3.635458504665,3.498155848539,3.5709228576
