date,MBY_1993_94 · CURR_BASK_6CURR · NEER · TRD_WTS,MBY_1993_94 · CURR_BASK_6CURR · REER · TRD_WTS,MBY_2003_04 · CURR_BASK_6CURR · NEER · TRD_WTS,MBY_2003_04 · CURR_BASK_6CURR · REER · TRD_WTS,BY_2004_05 · CURR_BASK_6CURR · NEER · TRD_WTS,BY_2004_05 · CURR_BASK_6CURR · REER · TRD_WTS,BY_2004_05 · CURR_BASK_36CURR · NEER · EXP_WTS,BY_2004_05 · CURR_BASK_36CURR · NEER · TRD_WTS,BY_2004_05 · CURR_BASK_36CURR · REER · EXP_WTS,BY_2004_05 · CURR_BASK_36CURR · REER · TRD_WTS,BY_2015_16 · CURR_BASK_40CURR · NEER · EXP_WTS,BY_2015_16 · CURR_BASK_40CURR · NEER · TRD_WTS,BY_2015_16 · CURR_BASK_40CURR · REER · EXP_WTS,BY_2015_16 · CURR_BASK_40CURR · REER · TRD_WTS,BY_2015_16 · CURR_BASK_6CURR · NEER · TRD_WTS,BY_2015_16 · CURR_BASK_6CURR · REER · TRD_WTS,MBY_2005_06 · CURR_BASK_6CURR · NEER · TRD_WTS,MBY_2005_06 · CURR_BASK_6CURR · REER · TRD_WTS,MBY_2006_07 · CURR_BASK_6CURR · NEER · TRD_WTS,MBY_2006_07 · CURR_BASK_6CURR · REER · TRD_WTS,MBY_2007_08 · CURR_BASK_6CURR · NEER · TRD_WTS,MBY_2007_08 · CURR_BASK_6CURR · REER · TRD_WTS,MBY_2008_09 · CURR_BASK_6CURR · NEER · TRD_WTS,MBY_2008_09 · CURR_BASK_6CURR · REER · TRD_WTS,MBY_2009_10 · CURR_BASK_6CURR · NEER · TRD_WTS,MBY_2009_10 · CURR_BASK_6CURR · REER · TRD_WTS,MBY_2010_11 · CURR_BASK_6CURR · NEER · TRD_WTS,MBY_2010_11 · CURR_BASK_6CURR · REER · TRD_WTS,MBY_2011_12 · CURR_BASK_6CURR · NEER · TRD_WTS,MBY_2011_12 · CURR_BASK_6CURR · REER · TRD_WTS,MBY_2012_13 · CURR_BASK_6CURR · NEER · TRD_WTS,MBY_2012_13 · CURR_BASK_6CURR · REER · TRD_WTS,MBY_2013_14 · CURR_BASK_6CURR · NEER · TRD_WTS,MBY_2013_14 · CURR_BASK_6CURR · REER · TRD_WTS,MBY_2014_15 · CURR_BASK_6CURR · NEER · TRD_WTS,MBY_2014_15 · CURR_BASK_6CURR · REER · TRD_WTS,MBY_2016_17 · CURR_BASK_6CURR · NEER · TRD_WTS,MBY_2016_17 · CURR_BASK_6CURR · REER · TRD_WTS,MBY_2017_18 · CURR_BASK_6CURR · NEER · TRD_WTS,MBY_2017_18 · CURR_BASK_6CURR · REER · TRD_WTS,MBY_2018_19 · CURR_BASK_6CURR · NEER · TRD_WTS,MBY_2018_19 · CURR_BASK_6CURR · REER · TRD_WTS,MBY_2019_20 · CURR_BASK_6CURR · NEER · TRD_WTS,MBY_2019_20 · CURR_BASK_6CURR · REER · TRD_WTS,MBY_2020_21 · CURR_BASK_6CURR · NEER · TRD_WTS,MBY_2020_21 · CURR_BASK_6CURR · REER · TRD_WTS,MBY_2021_22 · CURR_BASK_6CURR · NEER · TRD_WTS,MBY_2021_22 · CURR_BASK_6CURR · REER · TRD_WTS
2001-01-31,75.28,101.81,107.93,102.99,,,,,,,,,,,,,,,,,,,,,,,,,,,,,,,,,,,,,,,,,,,,
2001-02-28,75.95,102.67,108.89,103.86,,,,,,,,,,,,,,,,,,,,,,,,,,,,,,,,,,,,,,,,,,,,
2001-03-31,76.53,103.6,109.72,104.81,,,,,,,,,,,,,,,,,,,,,,,,,,,,,,,,,,,,,,,,,,,,
2001-04-30,76.96,102.84,110.34,104.04,,,,,,,,,,,,,,,,,,,,,,,,,,,,,,,,,,,,,,,,,,,,
2001-05-31,77.26,103.33,110.76,104.53,,,,,,,,,,,,,,,,,,,,,,,,,,,,,,,,,,,,,,,,,,,,
2001-06-30,78,104.51,111.83,105.73,,,,,,,,,,,,,,,,,,,,,,,,,,,,,,,,,,,,,,,,,,,,
2001-07-31,77.64,104.52,111.3,105.74,,,,,,,,,,,,,,,,,,,,,,,,,,,,,,,,,,,,,,,,,,,,
2001-08-31,76.1,102.91,109.1,104.11,,,,,,,,,,,,,,,,,,,,,,,,,,,,,,,,,,,,,,,,,,,,
2001-09-30,74.59,100.68,106.93,101.85,,,,,,,,,,,,,,,,,,,,,,,,,,,,,,,,,,,,,,,,,,,,
2001-10-31,74.34,100.96,106.58,102.14,,,,,,,,,,,,,,,,,,,,,,,,,,,,,,,,,,,,,,,,,,,,
2001-11-30,75.08,102.09,107.64,103.27,,,,,,,,,,,,,,,,,,,,,,,,,,,,,,,,,,,,,,,,,,,,
2001-12-31,75.36,102.56,108.05,103.75,,,,,,,,,,,,,,,,,,,,,,,,,,,,,,,,,,,,,,,,,,,,
2002-01-31,75.25,101.99,107.88,103.17,,,,,,,,,,,,,,,,,,,,,,,,,,,,,,,,,,,,,,,,,,,,
2002-02-28,75.28,101.82,107.93,103.01,,,,,,,,,,,,,,,,,,,,,,,,,,,,,,,,,,,,,,,,,,,,
2002-03-31,74.87,101.68,107.33,102.86,,,,,,,,,,,,,,,,,,,,,,,,,,,,,,,,,,,,,,,,,,,,
2002-04-30,74.29,99.04,106.51,100.19,,,,,,,,,,,,,,,,,,,,,,,,,,,,,,,,,,,,,,,,,,,,
2002-05-31,72.9,97.57,104.52,98.7,,,,,,,,,,,,,,,,,,,,,,,,,,,,,,,,,,,,,,,,,,,,
2002-06-30,71.67,97.03,102.75,98.15,,,,,,,,,,,,,,,,,,,,,,,,,,,,,,,,,,,,,,,,,,,,
2002-07-31,70.29,95.78,100.78,96.9,,,,,,,,,,,,,,,,,,,,,,,,,,,,,,,,,,,,,,,,,,,,
2002-08-31,71.05,97.67,101.86,98.81,,,,,,,,,,,,,,,,,,,,,,,,,,,,,,,,,,,,,,,,,,,,
2002-09-30,71.21,97.96,102.09,99.1,,,,,,,,,,,,,,,,,,,,,,,,,,,,,,,,,,,,,,,,,,,,
2002-10-31,71.44,98.24,102.43,99.38,,,,,,,,,,,,,,,,,,,,,,,,,,,,,,,,,,,,,,,,,,,,
2002-11-30,70.91,97.76,101.66,98.9,,,,,,,,,,,,,,,,,,,,,,,,,,,,,,,,,,,,,,,,,,,,
2002-12-31,70.6,97.16,101.21,98.29,,,,,,,,,,,,,,,,,,,,,,,,,,,,,,,,,,,,,,,,,,,,
2003-01-31,69.55,96.16,99.72,97.27,,,,,,,,,,,,,,,,,,,,,,,,,,,,,,,,,,,,,,,,,,,,
2003-02-28,69.52,96.77,99.66,97.9,99.66,97.9,,,,,,,,,,,,,,,,,,,,,,,,,,,,,,,,,,,,,,,,,,
2003-03-31,69.7,97.99,99.93,99.13,99.93,99.13,,,,,,,,,,,,,,,,,,,,,,,,,,,,,,,,,,,,,,,,,,
2003-04-30,70.38,97.71,100.89,98.85,100.89,98.85,,,,,,,,,,,,,,,,,,,,,,,,,,,,,,,,,,,,,,,,,,
2003-05-31,68.9,96.28,98.78,97.4,98.78,97.4,,,,,,,,,,,,,,,,,,,,,,,,,,,,,,,,,,,,,,,,,,
2003-06-30,69.13,96.75,99.1,97.87,99.1,97.87,,,,,,,,,,,,,,,,,,,,,,,,,,,,,,,,,,,,,,,,,,
2003-07-31,70.68,98.87,101.33,100.02,101.33,100.02,,,,,,,,,,,,,,,,,,,,,,,,,,,,,,,,,,,,,,,,,,
2003-08-31,71.79,100.57,102.92,101.74,102.92,101.74,,,,,,,,,,,,,,,,,,,,,,,,,,,,,,,,,,,,,,,,,,
2003-09-30,71.54,101.12,102.56,102.29,102.56,102.29,,,,,,,,,,,,,,,,,,,,,,,,,,,,,,,,,,,,,,,,,,
2003-10-31,70.54,99.93,101.13,101.09,101.13,101.09,,,,,,,,,,,,,,,,,,,,,,,,,,,,,,,,,,,,,,,,,,
2003-11-30,70.3,100.08,100.78,101.24,100.78,101.24,,,,,,,,,,,,,,,,,,,,,,,,,,,,,,,,,,,,,,,,,,
2003-12-31,68.66,97.94,98.44,99.08,98.44,99.08,,,,,,,,,,,,,,,,,,,,,,,,,,,,,,,,,,,,,,,,,,
2004-01-31,67.89,97.97,97.33,99.11,97.33,99.11,,,,,,,,,,,,,,,,,,,,,,,,,,,,,,,,,,,,,,,,,,
2004-02-29,67.9,98.64,97.34,99.79,97.34,99.79,,,,,,,,,,,,,,,,,,,,,,,,,,,,,,,,,,,,,,,,,,
2004-03-31,69.31,100.35,99.37,101.52,99.37,101.52,,,,,,,,,,,,,,,,,,,,,,,,,,,,,,,,,,,,,,,,,,
2004-04-30,72.12,101.79,103.4,102.97,104.1577,102.1093,103.1364,103.5292,101.6567,101.8493,134.9072,138.4952,88.8242,90.868,145.5453,76.9651,100.23,96.22,,,,,,,,,,,,,,,,,,,,,,,,,,,,,,
2004-05-31,70.3,99.95,100.79,101.11,101.5307,100.2259,100.9535,101.5097,99.8543,100.2599,132.0518,135.7937,87.2493,89.4499,141.8744,75.3944,97.7,94.34,,,,,,,,,,,,,,,,,,,,,,,,,,,,,,
2004-06-30,69.35,100.1,99.42,101.26,100.1546,99.2522,99.9894,100.3414,99.4536,99.6859,130.7908,134.2308,86.8991,88.9379,139.9515,74.9304,96.38,94.27,,,,,,,,,,,,,,,,,,,,,,,,,,,,,,
2004-07-31,68.24,99.3,97.84,100.45,98.5594,98.2756,98.5532,98.7415,98.7232,98.8114,128.9122,132.0906,86.261,88.1577,137.7225,74.4452,94.85,93.34,,,,,,,,,,,,,,,,,,,,,,,,,,,,,,
2004-08-31,68.13,100.22,97.67,101.38,98.391,99.0137,98.1914,98.5336,99.1376,99.3757,128.4389,131.8125,86.6231,88.6611,137.4872,74.8519,94.68,94.1,,,,,,,,,,,,,,,,,,,,,,,,,,,,,,
2004-09-30,68.49,101.28,98.19,102.45,98.9115,99.572,98.7363,99.0884,99.5492,99.8553,129.1516,132.5546,86.9827,89.089,138.2144,75.1664,95.18,95.02,,,,,,,,,,,,,,,,,,,,,,,,,,,,,,
2004-10-31,68.33,100.46,97.96,101.63,98.6859,99.7169,98.5826,98.6922,99.7445,99.8355,128.9506,132.0247,87.1534,89.0713,137.8992,75.4593,94.97,94.16,,,,,,,,,,,,,,,,,,,,,,,,,,,,,,
2004-11-30,68.03,100.87,97.54,102.04,98.2565,99.0569,98.5993,98.2331,99.3727,99.033,128.9725,131.4104,86.8285,88.3554,137.2991,74.9254,94.55,94.48,,,,,,,,,,,,,,,,,,,,,,,,,,,,,,
2004-12-31,68.68,101.48,98.47,102.66,99.2,99.3727,100.1955,99.5775,100.1004,99.5294,131.0604,133.2089,87.4644,88.7982,138.6176,75.0361,95.46,94.79,,,,,,,,,,,,,,,,,,,,,,,,,,,,,,
2005-01-31,69.66,103.41,99.87,104.61,100.6091,101.3132,100.7466,100.2789,100.9862,100.7115,131.7812,134.1472,88.2383,89.8529,140.5866,76.811,96.82,95.84,,,,,,,,,,,,,,,,,,,,,,,,,,,,,,
2005-02-28,70.09,103.92,100.48,105.12,101.2255,101.5485,101.4086,100.9931,101.1854,100.9772,132.6472,135.1026,88.4124,90.0899,141.448,76.8661,97.41,96.13,,,,,,,,,,,,,,,,,,,,,,,,,,,,,,
2005-03-31,69.68,103.46,99.89,104.66,100.6316,100.6999,100.9654,100.4381,100.2477,99.9532,132.0674,134.3602,87.593,89.1764,140.618,76.0847,96.84,95.66,,,,,,,,,,,,,,,,,,,,,,,,,,,,,,
2005-04-30,71.16,104.38,100.67,103.83,101.4346,101.7925,101.6177,101.2605,100.987,100.8521,132.9206,135.4603,88.239,89.9783,142.9752,77.8559,98.44,97.28,,,,,,,,,,,,,,,,,,,,,,,,,,,,,,
2005-05-31,72.11,106.28,102.04,105.84,102.7928,102.7332,102.6891,102.4487,101.2911,101.2666,134.3221,137.0498,88.5047,90.3482,144.8896,78.3809,99.76,99.05,,,,,,,,,,,,,,,,,,,,,,,,,,,,,,
2005-06-30,73.29,108.2,103.74,108.06,104.4778,104.213,103.7264,103.78,102.3712,102.6676,135.6789,138.8308,89.4485,91.5981,147.2647,79.8467,101.4,100.84,,,,,,,,,,,,,,,,,,,,,,,,,,,,,,
2005-07-31,73.94,109.43,104.71,109.64,105.3995,106.3825,104.4856,104.7305,104.442,104.9708,136.672,140.1023,91.2579,93.6529,148.5638,81.795,102.29,101.99,,,,,,,,,,,,,,,,,,,,,,,,,,,,,,
2005-08-31,72.95,108.33,103.34,108.63,103.991,105.2378,103.4937,103.4877,103.4718,103.7726,135.3746,138.4398,90.4102,92.5839,146.5785,80.7215,100.93,100.96,,,,,,,,,,,,,,,,,,,,,,,,,,,,,,
2005-09-30,72.45,108.19,102.61,108.52,103.2681,104.202,102.8572,102.8744,102.4658,102.8402,134.542,137.6193,89.5312,91.752,145.5596,79.7316,100.22,100.83,,,,,,,,,,,,,,,,,,,,,,,,,,,,,,
2005-10-31,71.75,107.2,101.64,107.67,102.2741,103.8655,101.552,101.7808,101.6649,102.1853,132.8347,136.1564,88.8313,91.1678,144.1586,79.4725,99.26,99.91,,,,,,,,,,,,,,,,,,,,,,,,,,,,,,
2005-11-30,71.09,106.85,100.74,107.41,101.3308,104.3651,100.1472,100.4871,101.5181,102.1527,130.9971,134.4257,88.7031,91.1387,142.8289,79.8325,98.34,99.58,,,,,,,,,,,,,,,,,,,,,,,,,,,,,,
2005-12-31,71.03,106.36,100.67,107.19,101.2562,103.9562,99.9764,100.2161,100.8637,101.3654,130.7738,134.0633,88.1313,90.4363,142.7238,79.333,98.27,99.13,,,,,,,,,,,,,,,,,,,,,,,,,,,,,,
2006-01-31,72.31,107.05,102.45,108.77,103.0677,105.2857,101.7845,101.7326,101.8137,102.2629,133.1389,136.0919,88.9614,91.237,145.2771,80.6864,100.04,99.77,,,,,,,,,,,,,,,,,,,,,,,,,,,,,,
2006-02-28,72.88,107.91,103.27,109.85,103.8779,106.0286,102.2458,102.2592,101.9684,102.4916,133.7422,136.7963,89.0966,91.4411,146.4191,81.1505,100.82,100.57,,,,,,,,,,,,,,,,,,,,,,,,,,,,,,
2006-03-31,72.45,107.41,102.67,109.54,103.2751,105.3339,101.8743,101.8636,101.2505,101.7902,133.2564,136.2672,88.4693,90.8153,145.5695,80.4508,100.24,100.1,,,,,,,,,,,,,,,,,,,,,,,,,,,,,,
2006-04-30,71.63,105.86,100.68,105.48,101.1107,103.4783,99.8744,99.6776,99.4962,99.7919,130.6404,133.3428,86.9364,89.0325,143.9197,80.0522,98.28,98.56,103.08,100.28,,,,,,,,,,,,,,,,,,,,,,,,,,,,
2006-05-31,69.39,103.7,98.11,100.55,97.9431,101.5104,97.5886,97.0793,98.1036,98.0951,127.6505,129.867,85.7196,87.5186,139.411,78.3273,95.16,96.44,99.85,98.23,,,,,,,,,,,,,,,,,,,,,,,,,,,,
2006-06-30,68.79,103.19,97.31,100.44,97.0963,101.5337,97.0181,96.7264,98.7071,98.9407,126.9041,129.3949,86.2469,88.2731,138.2057,78.7169,94.36,96.05,98.99,97.75,,,,,,,,,,,,,,,,,,,,,,,,,,,,
2006-07-31,68.14,102.31,96.44,99.91,96.1872,100.7697,96.0504,95.7247,98.0832,98.2942,125.6384,128.0549,85.7018,87.6963,136.9116,78.4337,93.5,95.3,98.06,96.92,,,,,,,,,,,,,,,,,,,,,,,,,,,,
2006-08-31,67.65,102.26,95.7,99.66,95.4963,100.777,95.3871,95.0478,97.9032,98.1111,124.7707,127.1494,85.5445,87.5329,135.9283,78.2419,92.81,95.19,97.35,96.87,,,,,,,,,,,,,,,,,,,,,,,,,,,,
2006-09-30,68.4,104.88,,,96.5502,102.8142,96.4163,96.218,99.5913,99.9816,126.117,128.7148,87.0195,89.2017,137.4284,79.6696,93.85,97.62,98.43,99.35,,,,,,,,,,,,,,,,,,,,,,,,,,,,
2006-10-31,69.66,107.34,,,98.33,106.0432,98.0766,97.9612,102.5055,103.0108,128.2887,131.0467,89.5658,91.9043,139.9617,82.2059,95.61,99.96,100.24,101.68,,,,,,,,,,,,,,,,,,,,,,,,,,,,
2006-11-30,69.9,107.92,,,98.6678,106.4282,98.7438,98.3336,103.1941,103.4212,129.1614,131.5449,90.1675,92.2705,140.4426,82.4615,95.93,100.49,100.59,102.23,,,,,,,,,,,,,,,,,,,,,,,,,,,,
2006-12-31,69.38,106.52,,,97.9342,104.9574,98.2617,97.6589,101.9453,101.9574,128.5309,130.6423,89.0763,90.9644,139.3983,81.12,95.21,99.15,99.84,100.9,,,,,,,,,,,,,,,,,,,,,,,,,,,,
2007-01-31,70.32,107.69,,,99.2639,105.9119,99.4179,98.9653,102.1602,102.6123,130.0432,132.39,89.2641,91.5488,141.2911,82.2657,96.52,100.38,101.2,102.01,,,,,,,,,,,,,,,,,,,,,,,,,,,,
2007-02-28,70.42,107.67,,,99.3976,106.1495,99.5927,99.1502,102.2126,102.6939,130.2719,132.6373,89.3099,91.6216,141.4814,82.328,96.68,100.39,101.33,102,,,,,,,,,,,,,,,,,,,,,,,,,,,,
2007-03-31,70.23,107.46,,,99.1187,105.484,99.5804,99.0502,101.6978,102.1647,130.2557,132.5035,88.8601,91.1494,141.0844,81.6125,96.42,100.1,101.07,101.8,,,,,,,,,,,,,,,,,,,,,,,,,,,,
2007-04-30,73.33,111.87,,,102.6184,109.6959,102.9124,102.3747,105.3482,105.5357,134.6142,136.9509,92.0497,94.1569,147.4647,85.9431,104.67,105.75,104.67,105.75,98.09,97.93,112.69,107.22,,,,,,,,,,,,,,,,,,,,,,,,
2007-05-31,75.79,116,,,106.0487,113.9171,106.1779,105.6044,108.8632,109.0497,138.8856,141.2713,95.121,97.2921,152.3941,88.9848,108.2,109.63,108.2,109.63,101.38,101.55,116.46,111.17,,,,,,,,,,,,,,,,,,,,,,,,
2007-06-30,75.95,115.38,,,106.2857,114.2109,106.4336,105.8965,109.6217,109.8527,139.2201,141.6621,95.7837,98.0085,152.7347,89.7204,108.46,109.15,108.46,109.15,101.59,101.01,116.72,110.58,,,,,,,,,,,,,,,,,,,,,,,,
2007-07-31,75.75,115.2,,,105.9947,114.9678,106.4624,105.7686,110.8756,110.9346,139.2577,141.491,96.8793,98.9737,152.3165,90.7101,108.15,109.04,108.15,109.04,101.33,100.85,116.4,110.39,,,,,,,,,,,,,,,,,,,,,,,,
2007-08-31,75.03,114.2,,,104.9881,114.3132,105.842,105.2556,110.4116,110.5734,138.4462,140.8047,96.4739,98.6515,150.87,89.9409,107.13,108.08,107.13,108.08,100.36,99.97,115.3,109.44,,,,,,,,,,,,,,,,,,,,,,,,
2007-09-30,75.24,115.18,,,105.287,114.7659,106.2956,105.5774,110.7023,110.7438,139.0396,141.2353,96.7279,98.8035,151.2994,90.0655,107.41,108.97,107.41,108.97,100.64,100.83,115.62,110.39,,,,,,,,,,,,,,,,,,,,,,,,
2007-10-31,76.08,115.98,,,106.4695,116.3793,107.1981,106.2911,111.8845,111.7497,140.2201,142.19,97.7609,99.701,152.9988,91.3991,108.58,109.69,108.58,109.69,101.76,101.53,116.92,111.16,,,,,,,,,,,,,,,,,,,,,,,,
2007-11-30,74.97,114.11,,,104.9132,114.3204,106.2287,105.177,110.5354,110.2955,138.9521,140.6996,96.5821,98.4035,150.7623,89.7093,106.97,107.89,106.97,107.89,100.29,99.89,115.21,109.36,,,,,,,,,,,,,,,,,,,,,,,,
2007-12-31,75.25,114.72,,,105.3068,114.5709,106.5294,105.6279,110.4562,110.3679,139.3455,141.3028,96.5129,98.4681,151.328,89.6777,107.42,108.48,107.42,108.48,100.66,100.42,115.65,109.94,,,,,,,,,,,,,,,,,,,,,,,,
2008-01-31,74.88,114.25,,,104.7952,113.3927,106.3161,105.1986,109.1001,109.0046,139.0664,140.7284,95.328,97.2519,150.5927,89.2248,106.93,108.21,106.93,108.21,100.16,100.01,115.08,109.51,,,,,,,,,,,,,,,,,,,,,,,,
2008-02-28,,,,,103.493,111.9979,,,,,,,,,,,,,,,,,,,,,,,,,,,,,,,,,,,,,,,,,,
2008-02-29,73.96,113.03,,,,,105.091,103.8619,107.6984,107.4828,137.4639,138.9403,94.1032,95.8941,148.7215,87.944,105.64,107.1,105.64,107.1,98.93,98.95,113.65,108.33,,,,,,,,,,,,,,,,,,,,,,,,
2008-03-31,70.94,110.98,,,99.2661,108.7433,101.8813,100.3995,105.2096,104.7696,133.2655,134.3085,91.9286,93.4735,142.6473,85.132,101.28,105.02,101.28,105.02,94.89,97.15,109.01,106.35,,,,,,,,,,,,,,,,,,,,,,,,
2008-04-30,99.35,110.58,,,99.3507,109.593,102.2838,101.0765,105.5648,104.9397,133.792,135.2142,92.2389,93.6252,143.7842,86.6749,101.64,106.24,101.64,106.24,95.21,98.25,109.87,108.07,114.1,99.35,,,,,,,,,,,,,,,,,,,,,,
2008-05-31,94.86,105.92,,,94.8565,104.6807,97.5492,96.5019,99.9964,99.5741,127.5989,129.0945,87.3735,88.8381,137.2801,82.4998,97.11,102.53,97.11,102.53,90.94,94.84,104.9,103.51,108.94,94.86,,,,,,,,,,,,,,,,,,,,,,
2008-06-30,93.26,105.77,,,93.2627,103.2096,96.076,94.9965,98.9182,98.4931,125.6719,127.0808,86.4314,87.8737,134.9734,81.8512,95.52,102.5,95.52,102.5,89.42,94.74,103.14,103.37,107.11,93.26,,,,,,,,,,,,,,,,,,,,,,
2008-07-31,92.49,105.29,,,92.4853,103.4416,95.5465,94.3577,99.4384,98.9007,124.9792,126.2262,86.8859,88.2374,133.8484,82.4287,94.73,102.25,94.73,102.25,88.69,94.46,102.28,102.9,106.22,92.49,,,,,,,,,,,,,,,,,,,,,,
2008-08-31,94.33,108.24,,,94.3282,107.3623,96.9907,96.0343,102.16,101.8562,126.8683,128.469,89.264,90.8741,136.5155,85.2557,96.73,105.43,96.73,105.43,90.48,97.34,104.32,105.78,108.33,94.33,,,,,,,,,,,,,,,,,,,,,,
2008-09-30,90.35,103.67,,,90.3491,104.1324,93.3292,92.5666,99.0795,98.9221,122.0789,123.8301,86.5723,88.2564,130.7569,82.453,92.76,101.46,92.76,101.46,86.7,93.63,99.92,101.32,103.76,90.35,,,,,,,,,,,,,,,,,,,,,,
2008-10-31,86.86,99.98,,,86.8592,102.2297,90.6359,90.1493,98.0925,98.1636,118.556,120.5964,85.7099,87.5797,125.7061,81.0011,89.33,97,89.33,96.96,83.38,89.37,96.06,97.71,99.76,86.86,,,,,,,,,,,,,,,,,,,,,,
2008-11-30,88.08,100.8,,,88.0796,104.6173,92.0214,91.6888,100.199,100.4406,120.3682,122.6559,87.5505,89.6112,127.4724,82.7599,90.75,97.51,90.75,97.4,84.61,89.68,97.41,98.51,101.16,88.08,,,,,,,,,,,,,,,,,,,,,,
2008-12-31,86.83,98.3,,,86.8273,102.5497,91.2467,90.8771,98.3898,98.5282,119.3549,121.57,85.9697,87.905,125.6599,80.7799,,,89.39,94.9,83.4,87.47,96.02,96.06,99.72,86.83,,,,,,,,,,,,,,,,,,,,,,
2009-01-31,87,97.86,,,87,102.6494,90.7132,90.5743,98.364,98.7609,118.6571,121.1649,85.9471,88.1126,125.9099,81.3475,,,89.62,94.38,83.59,86.86,96.22,95.63,99.92,87,,,,,,,,,,,,,,,,,,,,,,
2009-02-28,87.66,97.58,,,87.6605,103.325,92.454,92.2716,99.9135,100.2689,120.9342,123.4355,87.301,89.458,126.8658,81.6708,,,90.37,94.59,84.23,87.04,96.95,95.37,100.68,87.66,,,,,,,,,,,,,,,,,,,,,,
2009-03-31,84,93.9,,,84.0001,99.529,89.1103,88.9415,96.5418,96.9001,116.5604,118.9807,84.3549,86.4524,121.5684,78.4083,,,86.6,90.98,80.73,83.76,92.9,91.77,96.47,84,,,,,,,,,,,,,,,,,,,,,,
2009-04-30,85.61,96.48,,,85.2804,101.791,89.899,89.6452,97.3843,96.6729,117.5921,119.9221,85.0911,86.2497,124.0077,80.7949,,,88.21,92.91,82.25,86.3,94.67,94.29,97.94,85.28,92.86,83.65,,,,,,,,,,,,,,,,,,,,
2009-05-31,86.78,98.82,,,86.4788,104.6483,90.9559,90.5852,99.3021,98.4142,118.9746,121.1796,86.7668,87.8033,125.7503,82.7654,,,89.32,95.35,83.35,88.74,95.98,96.57,99.32,86.48,94.17,85.73,,,,,,,,,,,,,,,,,,,,
2009-06-30,86.98,99,,,86.7116,105.2969,91.3683,91.0415,100.5538,99.6887,119.5139,121.7899,87.8605,88.9404,126.0888,83.8166,,,89.42,95.68,83.51,88.51,96.2,96.75,99.59,86.71,94.42,85.9,,,,,,,,,,,,,,,,,,,,
2009-07-31,85.49,98.16,,,85.2176,106.8283,89.8562,89.5839,102.1743,101.3282,117.5361,119.8401,89.2765,90.4031,123.9164,85.4878,,,,,82.08,88.1,94.54,95.93,97.87,85.22,92.79,85.15,,,,,,,,,,,,,,,,,,,,
2009-08-31,85.3,99.19,,,85.0375,107.7756,89.5983,89.3256,102.5913,101.7284,117.1987,119.4946,89.6408,90.7601,123.6545,85.9555,,,,,81.9,88.87,94.33,96.93,97.66,85.04,92.6,86.07,,,,,,,,,,,,,,,,,,,,
2009-09-30,84.45,98.76,,,84.185,107.6295,88.7246,88.3474,102.1577,101.2018,116.0559,118.186,89.262,90.2903,122.4149,85.599,,,,,81.08,88.63,93.39,96.52,96.68,84.18,91.67,85.7,,,,,,,,,,,,,,,,,,,,
2009-10-31,86.94,101.84,,,86.669,111.632,91.1935,90.6614,105.8519,104.7456,119.2853,121.2815,92.4898,93.452,126.0269,88.8653,,,,,83.47,91.01,96.15,99.52,99.54,86.67,94.38,88.36,,,,,,,,,,,,,,,,,,,,
2009-11-30,86.82,103.15,,,86.556,113.7061,91.196,90.6659,107.8467,106.7629,119.2887,121.2875,94.2328,95.2518,125.8626,90.4138,,,,,83.34,92.63,96.01,100.81,99.41,86.56,94.25,89.51,,,,,,,,,,,,,,,,,,,,
2009-12-31,87.49,104.29,,,87.2119,114.7611,91.6594,91.1033,108.4999,107.2756,119.8948,121.8726,94.8035,95.7093,126.8164,90.9734,,,,,83.99,93.69,96.75,101.92,100.16,87.21,94.97,90.5,,,,,,,,,,,,,,,,,,,,
2010-01-31,89.58,107.69,,,89.2978,117.6179,93.2932,92.6288,111.1827,109.8174,122.0318,123.9133,97.1476,97.977,129.8494,93.8788,,,,,86.01,95.49,99.07,105.24,102.56,89.3,97.24,93.4,,,,,,,,,,,,,,,,,,,,
2010-02-28,90.34,108.36,,,90.0338,117.2355,93.8077,93.0795,110.3381,108.8538,122.7049,124.5163,96.4097,97.1173,130.9197,93.335,,,,,86.77,96.73,99.91,105.9,103.4,90.03,98.04,93.96,,,,,,,,,,,,,,,,,,,,
2010-03-31,92.52,111.81,,,92.1881,119.8499,95.4683,94.5621,111.7513,110.0661,124.877,126.4996,97.6445,98.1989,134.0523,95.0822,,,,,,,102.33,109.27,105.88,92.19,100.39,96.97,,,,,,,,,,,,,,,,,,,,
2010-04-30,95.04,116.39,,,94.4346,122.8556,97.3001,96.3445,113.8418,111.9965,127.273,128.884,99.4711,99.9212,138.3642,98.8774,,,,,,,105.11,113.75,108.76,94.7,102.83,100.5,,,,,,,,,,,,,,,,,,,,
2010-05-31,94.6,116.59,,,93.9697,123.6639,96.4192,95.5449,113.5064,111.7231,126.1209,127.8144,99.178,99.6772,137.6832,99.1752,,,,,,,104.63,113.94,108.22,94.23,102.33,100.7,,,,,,,,,,,,,,,,,,,,
2010-06-30,93.87,115.65,,,93.255,123.573,95.5353,94.6532,113.5928,111.7487,124.9646,126.6214,99.2536,99.7001,136.636,99.7977,,,,,,,103.82,113.03,107.38,93.5,101.55,99.84,,,,,,,,,,,,,,,,,,,,
2010-07-31,91.3,113.07,,,90.7603,122.56,93.4677,91.998,113.6253,110.9165,122.2601,123.0694,99.2819,98.9576,132.9808,99.6449,,,,,,,100.97,110.5,104.46,90.96,98.83,97.6,,,,,,,,,,,,,,,,,,,,
2010-08-31,91.23,113.1,,,90.7485,122.7539,92.99,92.0067,112.7281,110.6173,121.6352,123.0812,98.498,98.6907,132.9635,99.4473,,,,,,,100.9,110.54,104.42,90.92,98.82,97.73,,,,,,,,,,,,,,,,,,,,
2010-09-30,91.72,114.4,,,91.2186,124.5358,93.952,92.809,114.4875,112.2033,122.8935,124.1545,100.0353,100.1057,133.6522,100.5466,,,,,,,101.43,111.76,104.95,91.38,99.33,98.84,,,,,,,,,,,,,,,,,,,,
2010-10-31,92.66,115.65,,,92.1841,125.8154,95.6945,94.5073,116.7126,114.3981,125.1729,126.4263,101.9795,102.0638,135.0668,101.6178,,,,,,,102.48,113.01,106.03,92.32,100.38,99.9,,,,,,,,,,,,,,,,,,,,
2010-11-30,91.85,114.95,,,91.3668,125.1481,94.5423,93.3438,115.778,113.4483,123.6658,124.8699,101.1629,101.2164,133.8694,100.948,,,,,,,101.58,112.34,105.11,91.52,99.49,99.77,,,,,,,,,,,,,,,,,,,,
2010-12-31,92.82,116.85,,,92.2929,127.7795,95.1576,93.7677,117.5308,114.9111,124.4706,125.437,102.6944,102.5215,135.2262,102.6878,,,,,,,102.65,115.23,106.2,92.47,100.5,102.24,,,,,,,,,,,,,,,,,,,,
2011-01-31,91.81,116.05,,,91.2877,126.8865,94.0911,92.6892,117.344,114.6545,123.0755,123.9942,102.5313,102.2926,133.7535,102.5668,,,,,,,101.53,114.67,105.02,91.45,99.39,101.74,,,,,,,,,,,,,,,,,,,,
2011-02-28,,,,,90.2086,124.1846,93.6978,92.2905,115.5167,112.8141,122.5611,123.4608,100.9346,100.6506,132.1724,100.0834,,,,,,,100.31,111.77,103.79,90.37,98.24,100.22,,,,,,,,,,,,,,,,,,,,
2011-03-31,,,,,90.2866,124.2561,94.0176,92.5027,115.6003,112.7779,122.9794,123.7447,101.0076,100.6183,132.2867,99.7954,,,,,,,100.39,113.23,103.86,90.44,98.32,100.92,,,,,,,,,,,,,,,,,,,,
2011-04-30,,,,,90.124,124.1852,94.3584,92.8377,115.4365,112.9387,123.4252,124.1927,100.8645,100.7618,132.4294,100.0556,,,,,,,,,104.06,90.6,98.47,102.19,106.73,105.16,,,,,,,,,,,,,,,,,,
2011-05-31,,,,,88.994,123.9177,93.3618,91.7614,114.7445,112.1262,122.1215,122.753,100.2599,100.0369,130.7689,99.4565,,,,,,,,,102.77,89.48,97.27,101.34,105.4,104.26,,,,,,,,,,,,,,,,,,
2011-06-30,,,,,88.9727,124.9136,93.4561,91.7572,116.4118,113.56,122.2449,122.7474,101.7167,101.3161,130.7376,100.9257,,,,,,,,,102.76,89.48,97.27,101.06,105.37,103.93,,,,,,,,,,,,,,,,,,
2011-07-31,,,,,89.9462,127.6023,94.2902,92.3695,119.0735,115.8709,123.3359,123.5665,104.0424,103.3778,132.1681,103.6973,,,,,,,,,103.92,90.49,98.37,102.44,106.52,105.28,,,,,,,,,,,,,,,,,,
2011-08-31,,,,,87.7226,126.1436,92.5355,90.5157,117.9179,114.5656,121.0407,121.0865,103.0327,102.2133,128.9008,102.1689,,,,,,,,,101.35,88.25,95.97,100.65,103.89,103.43,,,,,,,,,,,,,,,,,,
2011-09-30,,,,,84.6051,122.9617,89.4636,87.6257,114.9595,111.8075,117.0225,117.2205,100.4477,99.7526,124.3199,99.2297,,,,,,,,,97.86,85.21,92.64,97.87,100.2,100.5,,,,,,,,,,,,,,,,,,
2011-10-31,,,,,81.8839,119.2884,86.9869,85.1967,112.0663,109.1097,113.783,113.9711,97.9198,97.3456,120.3212,96.3811,,,,,,,,,94.73,82.48,89.67,94.78,96.98,97.3,,,,,,,,,,,,,,,,,,
2011-11-30,,,,,79.5506,116.4033,84.4866,82.778,109.0401,106.2624,110.5123,110.7355,95.2755,94.8053,116.8926,93.9271,,,,,,,,,,,87.11,92.46,94.21,94.94,,,,,,,,,,,,,,,,,,
2011-12-31,,,,,77.5832,113.1858,82.2791,80.5873,105.5685,102.8147,107.6249,107.8049,92.2422,91.7293,114.0017,91.0172,,,,,,,,,,,85.01,90.29,91.88,92.66,,,,,,,,,,,,,,,,,,
2012-01-31,,,,,79.9438,115.9055,84.7052,82.9703,108.8281,105.9773,110.7984,110.9927,95.0903,94.5509,117.4704,93.8452,,,,,,,,,,,87.64,93.05,94.68,95.4,,,,,,,,,,,,,,,,,,
2012-02-29,,,,,82.7466,120.6561,87.7348,86.0957,113.1151,110.2785,114.7612,115.1738,98.8362,98.3884,121.5889,97.3985,,,,,,,,,,,90.64,96.62,98,99.16,,,,,,,,,,,,,,,,,,
2012-03-31,,,,,81.1797,118.8809,85.8892,84.0451,111.0377,107.9493,112.3471,112.4306,97.0209,96.3103,119.2865,95.6357,,,,,,,,,,,88.86,95.37,96.14,97.98,,,,,,,,,,,,,,,,,,
2012-04-30,,,,,78.7287,116.3999,83.17,81.31,108.35,105.41,108.7908,108.7743,94.6758,94.0422,115.8768,93.9582,,,,,,,,,,,86.28,93.61,,,104.16,102.04,116.2043,103.2161,,,,,,,,,,,,,,
2012-05-31,,,,,75.5272,113.3369,79.96,78.24,105.01,102.19,104.5861,104.6704,91.754,91.1764,111.1646,91.1332,,,,,,,,,,,82.86,90.61,,,99.92,98.67,111.4786,100.4998,,,,,,,,,,,,,,
2012-06-30,,,,,74.058,111.9639,78.45,76.75,104.31,101.3,102.6167,102.6774,91.1427,90.3804,109.0022,90.6484,,,,,,,,,,,81.31,88.97,,,97.98,96.8,109.3099,99.2821,,,,,,,,,,,,,,
2012-07-31,,,,,75.2787,115.2726,79.3,77.56,106.95,103.79,103.7265,103.7503,93.4529,92.6024,110.7989,93.8756,,,,,,,,,,,82.71,90.65,,,99.59,98.84,111.1115,102.2159,,,,,,,,,,,,,,
2012-08-31,,,,,74.8731,116.0108,78.94,77.2,107.34,104.18,103.2618,103.2794,93.7888,92.9504,110.202,94.0982,,,,,,,,,,,82.24,91.17,,,99.03,99.15,110.513,102.8705,,,,,,,,,,,,,,
2012-09-30,,,,,75.0795,117.2405,79.6,77.88,108.7,105.59,104.1263,104.181,94.9795,94.2042,110.5057,94.7693,,,,,,,,,,,82.39,92.03,,,99.3,100.21,110.8177,103.9612,,,,,,,,,,,,,,
2012-10-31,,,,,76.977,120.5434,81.78,80.04,112.15,108.97,106.9741,107.0696,97.993,97.2226,113.2985,97.5648,,,,,,,,,,,84.45,93.84,,,101.82,102.1,113.6185,106.89,,,,,,,,,,,,,,
2012-11-30,,,,,74.7835,117.8984,79.44,77.7,109.46,106.25,103.9077,103.9371,95.6438,94.7946,110.07,95.2685,,,,,,,,,,,82.03,91.47,,,98.9,99.63,110.3809,104.5445,,,,,,,,,,,,,,
2012-12-31,,,,,74.5876,117.78,79.27,77.52,109.09,105.83,103.6876,103.7015,95.3198,94.4151,109.7817,94.8775,,,,,,,,,,,81.72,91.01,,,98.64,99.38,110.0919,104.4397,,,,,,,,,,,,,,
2013-01-31,,,,,75.0523,118.3659,79.66,77.96,110.13,106.89,104.199,104.2912,96.2265,95.3643,110.4656,95.9925,,,,,,,,,,,82.12,91.27,,,99.27,100.2,110.7779,104.9593,,,,,,,,,,,,,,
2013-02-28,,,,,76.0718,120.2508,80.66,78.97,111.63,108.33,105.5126,105.6377,97.5392,96.6519,111.9662,97.2522,,,,,,,,,,,83.17,92.92,,,100.64,101.51,112.283,106.6308,,,,,,,,,,,,,,
2013-03-31,,,,,76.0475,120.7884,80.39,78.7,111.34,108.08,105.1489,105.2858,97.2874,96.4249,111.9305,97.3265,,,,,,,,,,,83.19,92.89,,,100.61,103.1,112.247,107.1076,,,,,,,,,,,,,,
2013-04-30,,,,,76.1205,121.1592,80.4806,78.6379,110.9641,108.0291,105.2724,105.1972,96.9567,96.3815,111.9779,97.7052,,,,,,,,,,,83.1,93.03,,,100.55,103.24,112.3403,107.419,,,,,,,,,,,,,,
2013-05-31,,,,,75.3296,121.4759,79.8059,78.051,110.779,107.9929,104.3899,104.412,96.7949,96.3492,110.8144,97.5899,,,,,,,,,,,82.19,92.01,,,,,109.8162,101.2992,,,,,,,,,,,,,,
2013-06-30,,,,,70.3679,114.5017,75.4243,73.7137,106.1026,103.2549,98.6585,98.6098,92.7088,92.122,103.5155,92.6276,,,,,,,,,,,76.78,85.96,,,92.9,97.56,102.583,95.4834,,,,,,,,,,,,,,
2013-07-31,,,,,69.0646,113.2767,74.6554,73.5312,106.1427,104.0237,97.6528,98.3657,92.7439,92.808,101.5983,92.1543,,,,,,,,,,,75.36,84.36,,,91.18,96.5,100.6831,94.4618,,,,,,,,,,,,,,
2013-08-31,,,,,64.8089,107.832,70.6349,69.605,101.426,99.4675,92.3937,93.1135,88.6226,88.743,95.3378,87.4058,,,,,,,,,,,70.69,79.14,,,85.52,91.87,94.479,89.9215,,,,,,,,,,,,,,
2013-09-30,,,,,64.1602,107.9076,69.952,68.9289,101.2509,99.3203,91.5005,92.2091,88.4696,88.6117,94.3836,87.1558,,,,,,,,,,,,,,,84.65,91.94,93.5334,89.9845,,,,,,,,,,,,,,
2013-10-31,,,,,65.782,111.419,71.7956,70.7663,104.7213,102.6906,93.9119,94.667,91.5019,91.6186,96.7694,90.0709,,,,,,,,,,,,,,,86.79,94.9,95.8977,92.9127,,,,,,,,,,,,,,
2013-11-30,,,,,64.9959,111.9098,71.0078,69.9777,104.881,102.8838,92.8815,93.612,91.6415,91.791,95.613,90.348,,,,,,,,,,,,,,,85.75,95.32,94.7516,93.3204,,,,,,,,,,,,,,
2013-12-31,,,,,65.4957,111.6518,71.911,70.8707,104.9876,102.9887,94.0629,94.8067,91.7346,91.8846,96.3482,89.8414,,,,,,,,,,,,,,,86.4,95.1,95.4803,93.1053,,,,,,,,,,,,,,
2014-01-31,,,,,65.3635,110.1927,72.1216,71.0777,104.7221,102.7492,94.3384,95.0836,91.5026,91.6709,96.1538,89.2725,,,,,,,,,,,,,,,86.22,93.85,95.2876,91.8885,,,,,,,,,,,,,,
2014-02-28,,,,,65.1242,109.6,71.8879,70.8169,103.99,101.9653,94.0327,94.7347,90.863,90.9715,95.8017,88.5539,,,,,,,,,,,,,,,85.91,93.35,94.9387,91.395,,,,,,,,,,,,,,
2014-03-31,,,,,66.4874,112.6889,72.9834,71.9005,105.7937,103.8233,95.4657,96.1843,92.439,92.6292,97.8071,90.6469,,,,,,,,,,,,,,,87.71,95.91,96.926,93.9709,,,,,,,,,,,,,,
2014-04-30,,,,,67.3276,114.3113,73.9369,72.7732,106.8192,104.6495,96.7141,97.3522,93.3336,93.3653,99.2123,92.3967,,,,,,,,,,,,,,,,,99.7085,93.1559,,,,,,,,,,,,,,
2014-05-31,,,,,68.599,117.4727,75.3114,74.1168,109.2625,107.0788,98.5118,99.1496,95.4682,95.5325,101.0857,94.5925,,,,,,,,,,,,,,,,,,,100.0042,97.9584,,,,,,,,,,,,
2014-06-30,,,,,68.3036,117.1943,74.8794,73.7278,109.3691,107.1338,97.9467,98.6292,95.5613,95.5816,100.6504,95.007,,,,,,,,,,,,,,,,,,,99.5736,97.7263,,,,,,,,,,,,
2014-07-31,,,,,67.8451,117.9347,74.5019,73.4156,110.5524,108.3391,97.4529,98.2116,96.5951,96.6568,99.9748,96.1661,,,,,,,,,,,,,,,,,,,98.9052,98.3437,,,,,,,,,,,,
2014-08-31,,,,,67.2727,118.5515,73.843,72.7118,110.5041,108.1865,96.5909,97.27,96.5527,96.5206,99.1313,96.3246,,,,,,,,,,,,,,,,,,,98.0708,98.858,,,,,,,,,,,,
2014-09-30,,,,,68.1614,119.9465,74.7316,73.5841,111.3557,109.1053,97.7529,98.4367,97.2966,97.3402,100.4409,97.0758,,,,,,,,,,,,,,,,,,,99.3663,100.0213,,,,,,,,,,,,
2014-10-31,,,,,68.0055,119.6878,74.8096,73.6775,111.4384,109.1293,97.8549,98.5615,97.3687,97.3615,100.2112,96.9795,,,,,,,,,,,,,,,,,,,99.1391,99.8056,,,,,,,,,,,,
2014-11-30,,,,,68.3919,121.1317,75.0049,73.9347,112.1136,109.8703,98.1102,98.9056,97.9585,98.0225,100.7806,98.0116,,,,,,,,,,,,,,,,,,,99.7023,101.0096,,,,,,,,,,,,
2014-12-31,,,,,67.8233,119.7152,74.6218,73.6323,110.9501,108.7653,97.6091,98.501,96.9419,97.0366,99.9426,96.5417,,,,,,,,,,,,,,,,,,,98.8734,99.8284,,,,,,,,,,,,
2015-01-31,,,,,69.6751,122.9773,75.6388,74.5261,112.4004,110.0712,98.9395,99.6967,98.209,98.2017,102.6715,99.8281,,,,,,,,,,,,,,,,,,,101.573,102.5495,,,,,,,,,,,,
2015-02-28,,,,,70.5342,124.2124,77.2721,75.9868,114.6655,112.0335,101.075,101.6502,100.1872,99.9518,103.9375,100.5532,,,,,,,,,,,,,,,,,,,102.8255,103.5804,,,,,,,,,,,,
2015-03-31,,,,,71.2134,125.9439,78.0237,76.7886,115.5932,113.181,102.0576,102.7226,100.9974,100.9753,104.9383,101.6046,,,,,,,,,,,,,,,,,,,103.8156,104.9967,,,,,,,,,,,,
2015-04-30,,,,,70.3926,124.5227,78.2131,76.3048,114.4044,111.8517,102.1459537,101.8869462,100.0004509,99.80049612,104.3052923,101.2954245,,,,,,,,,,,,,,,,,,,102.6191,103.843,105.2851,99.4829,,,,,,,,,,
2015-05-31,,,,,68.487,122.338,76.4448,74.5614,112.3298,109.864,99.9345023,99.62205766,98.1424108,97.9177341,101.4454146,99.06990296,,,,,,,,,,,,,,,,,,,99.8411,102.0103,102.4349,97.7375,,,,,,,,,,
2015-06-30,,,,,68.4261,122.6649,76.7038,74.8741,113.8847,111.3359,100.3671811,100.1443021,99.57278226,99.41700742,101.3588466,100.0491227,,,,,,,,,,,,,,,,,,,99.7523,102.2864,102.3438,97.9986,,,,,,,,,,
2015-07-31,,,,,69.0283,123.6503,77.5905,75.7998,115.1501,112.5989,101.4582664,101.3548937,100.979123,100.9044926,102.2716854,101.4893417,,,,,,,,,,,,,,,,,,,100.6301,103.1199,103.2444,98.786,,,,,,,,,,
2015-08-31,,,,,67.6447,122.808,76.6733,75.0531,114.823,112.4664,100.2534833,100.335247,100.5273031,100.6024892,100.1829133,100.4025232,,,,,,,,,,,,,,,,,,,98.6131,102.4066,101.175,98.113,,,,,,,,,,
2015-09-30,,,,,66.343,121.2824,76.0423,74.4082,114.3538,112.0747,99.4430746,99.49511758,99.91916059,100.017626,98.22833749,98.71767634,,,,,,,,,,,,,,,,,,,96.7154,101.1443,99.228,96.8941,,,,,,,,,,
2015-10-31,,,,,67.4986,123.8816,77.0801,75.3701,116.4469,114.0542,100.8493519,100.8175441,101.7723655,101.84318,99.94443559,100.9565329,,,,,,,,,,,,,,,,,,,98.4001,103.2974,100.9564,98.9707,,,,,,,,,,
2015-11-30,,,,,67.3317,124.3624,76.4864,74.8497,116.2728,114.0435,100.0632527,100.106483,101.3869249,101.5046976,99.75019939,101.3544578,,,,,,,,,,,,,,,,,,,98.1568,103.7095,100.7069,99.3548,,,,,,,,,,
2015-12-31,,,,,67.0196,123.6525,76.1811,74.5699,115.351,113.1349,99.6286714,99.72132431,100.2989018,100.4267786,99.27980439,100.3932545,,,,,,,,,,,,,,,,,,,97.7018,103.0965,100.2401,98.7877,,,,,,,,,,
2016-01-31,,,,,66.7122,122.8157,76.171,74.618,115.2274,113.081,99.59950388,99.84303881,100.4772973,100.6482307,98.77385016,100.3791074,,,,,,,,,,,,,,,,,,,97.2537,102.4183,99.7802,98.1192,,,,,,,,,,
2016-02-29,,,,,65.2169,119.3877,74.5126,72.9723,112.1952,109.915,97.48136404,97.70515024,97.94306832,97.95985916,96.52767434,97.27986997,,,,,,,,,,,,,,,,,,,95.0738,99.5276,97.5438,95.3804,,,,,,,,,,
2016-03-31,,,,,66.1931,121.2089,75.3024,73.6566,112.9748,110.6299,98.56159786,98.68114873,98.71493746,98.65239086,97.97233984,98.40213202,,,,,,,,,,,,,,,,,,,96.497,101.0488,99.0039,96.8355,,,,,,,,,,
2016-04-30,,,,,65.8449,121.3606,75.4216,73.3757,113.7914,111.2502,98.44425845,98.51310524,99.24043024,99.15870511,97.926489908,99.277619016,,,,,,,,,,,,,,,,,,,96.3965,101.8294,98.4831,96.9567,,,,,,,,,,
2016-05-31,,,,,65.5403,122.4008,75.2914,73.3594,114.458,112.1233,98.24746177,98.46245858,99.76967167,99.87957359,97.460909695,99.692699095,,,,,,,,,,,,,,,,,,,95.9384,102.6871,98.0274,97.7877,,,,,,,,,,
2016-06-30,,,,,65.4277,122.6243,75.0107,73.2579,115.0809,112.9243,97.90618931,98.31977163,100.2269758,100.5965447,97.291776848,100.596318567,,,,,,,,,,,,,,,,,,,95.7723,102.8685,97.8591,97.9663,,,,,,,,,,
2016-07-31,,,,,66.2359,124.46,75.5031,73.9491,116.1094,114.189,98.49900914,99.15433482,101.602818,102.1714965,98.525203453,102.770096572,,,,,,,,,,,,,,,,,,,96.9869,104.4526,99.0678,99.4328,97.5378,96.3408,,,,,,,,
2016-08-31,,,,,66.1077,124.5704,75.4802,73.9225,116.0783,114.1638,98.48158754,99.14783833,101.3794531,101.9446432,98.31916194,102.461051954,,,,,,,,,,,,,,,,,,,96.7845,104.532,98.8762,99.521,97.349,96.4262,,,,,,,,
2016-09-30,,,,,66.3633,124.887,75.8599,74.2993,116.2186,114.4085,98.96384734,99.65178192,101.3380189,101.8792855,98.697420929,102.285774994,,,,,,,,,,,,,,,,,,,97.1569,104.7956,99.2585,99.7739,97.7255,96.6713,,,,,,,,
2016-10-31,,,,,67.0216,126.2871,76.4435,74.8446,117.3412,115.5147,99.67396601,100.3147642,102.2438942,102.7870934,99.723798414,103.616467398,,,,,,,,,,,,,,,,,,,98.167,106.0357,100.2431,100.8925,98.6949,97.7551,,,,,,,,
2016-11-30,,,,,67.0372,126.3117,76.7061,75.0152,117.6192,115.7999,99.94598193,100.452416,102.2015546,102.642463,99.755305871,103.573529761,,,,,,,,,,,,,,,,,,,98.1981,106.0422,100.2664,100.9122,98.7178,97.7742,,,,,,,,
2016-12-31,,,,,67.7376,127.0076,77.2417,75.6027,117.7189,116.0267,100.6541,101.2011378,102.0881847,102.5749915,100.831179199,103.803665496,,,,,,,,,,,,,,,,,,,99.2565,107.1851,101.3139,101.4681,99.7492,98.3128,,,,,,,,
2017-01-31,,,,,67.3854,125.1263,76.9835,75.2209,116.4449,114.6991,100.3408759,100.7265788,101.1973788,101.5124982,100.307655853,103.031366684,,,,,,,,,,,,,,,,,,,,,100.7871,99.9651,99.2305,96.8566,,,,,,,,
2017-02-28,,,,,68.1517,127.0302,77.619,75.8168,117.3048,115.5077,101.2329807,101.5891799,102.0725449,102.3752804,101.43658228,104.264802728,,,,,,,,,,,,,,,,,,,,,101.9333,101.4862,100.359,98.3303,,,,,,,,
2017-03-31,,,,,69.4559,129.9735,79.016,77.1958,119.2657,117.5771,102.9911068,103.3931393,103.6569069,104.0422923,103.377395544,106.279865296,,,,,,,,,,,,,,,,,,,,,103.884,103.8376,102.2795,100.6086,,,,,,,,
2017-04-30,,,,,,,,,,,104.9056279,105.2174867,105.7039182,106.0465878,105.105150512,107.850086971,,,,,,,,,,,,,,,,,,,,,,,,,,,,,,,,
2017-05-31,,,,,69.8716,130.9957,79.9559,78.1889,121.4531,119.4805,104.4742604,104.8712529,105.3218478,105.7495414,104.336822692,107.266955321,,,,,,,,,,,,,,,,,,,,,104.8789,105.2112,102.8917,101.3999,,,,,,,,
2017-06-30,,,,,69.3023,129.5974,79.5935,77.7274,121.3862,119.1294,104.016949,104.2747861,105.1574757,105.4512675,103.479493726,106.89115892,,,,,,,,,,,,,,,,,,,,,104.0173,104.1016,102.0534,100.3175,,,,,,,,
2017-07-31,,,,,68.7396,130.0491,79.2077,77.3479,122.4084,120.0241,103.5228397,103.7702918,106.5264794,106.7709746,102.618586753,107.929741745,,,,,,,,,,,,,,,,,,,,,103.1523,104.4698,101.2247,100.6672,,,,,,,,
2017-08-31,,,,,68.4072,130.7042,79.3642,77.4466,123.5952,121.1413,103.7223858,103.9091278,107.2838388,107.5006409,102.103467555,107.990227505,,,,,,,,,,,,,,,,,,,,,102.6348,104.9629,100.7352,101.1742,,,,,,,,
2017-09-30,,,,,67.3939,128.5453,78.3985,76.4548,121.4664,119.1669,102.46941,102.6043957,105.4675343,105.6433857,100.593160755,105.789475537,,,,,,,,,,,,,,,,,,,,,101.1167,103.2212,99.2431,99.5031,,,,,,,,
2017-10-31,,,,,67.2312,128.748,78.1973,76.3267,121.7034,119.5714,102.2046779,102.4047452,105.6567321,105.9591199,100.363039006,106.192055566,,,,,,,,,,,,,,,,,,,,,100.8852,103.402,99.0035,99.66,,,,,,,,
2017-11-30,,,,,67.4596,130.7226,78.672,76.7822,123.855,121.8085,102.8013403,102.9902146,107.3153006,107.6506383,100.705084078,107.724936971,,,,,,,,,,,,,,,,,,,,,101.229,104.9839,99.3398,101.1885,,,,,,,,
2017-12-31,,,,,67.8511,131.2873,79.1535,77.2107,124.1741,122.0536,103.4148493,103.5776135,107.3508456,107.6348225,101.281945872,107.790930681,,,,,,,,,,,,,,,,,,,,,101.8089,105.4182,99.9163,101.6256,,,,,,,,
2018-01-31,,,,,67.3667,129.0057,78.9382,76.8057,122.5949,120.3516,103.1464285,103.1452827,106.2036459,106.2692202,100.541865376,106.715931124,,,,,,,,,,,,,,,,,,,,,101.0653,103.606,99.203,99.8595,,,,,,,,
2018-02-28,,,,,65.79,125.1164,77.7824,75.559,119.9533,117.4414,101.6288256,101.5036203,103.8581755,103.7386379,98.17960345,103.168253113,,,,,,,,,,,,,,,,,,,,,98.6908,100.4628,96.8811,96.8489,,,,,,,,
2018-03-31,,,,,65.1171,124.4353,77.11,74.9441,118.893,116.6099,100.7485775,100.652343,102.9936277,102.9983614,97.171592497,102.169108062,,,,,,,,,,,,,,,,,,,,,97.6775,99.8908,95.8902,96.3216,,,,,,,,
2018-04-30,,,,,64.53,123.4677,76.3218,74.44,118.9777,116.2634,100.0268753,100.0450392,102.6324353,102.7563781,96.404697798,101.620438354,,,,,,,,,,,,,,,,,,,,,96.7985,99.1297,95.0193,95.5727,102.3714,101.3354,,,,,,
2018-05-31,,,,,63.8379,123.064,75.3568,73.5656,117.6859,115.1545,98.74322232,98.78522334,101.5732641,101.754017,95.37722669,100.790800966,,,,,,,,,,,,,,,,,,,,,95.8064,98.8304,94.0066,95.2602,101.259,100.4983,,,,,,
2018-06-30,,,,,64.1032,123.1775,75.711,73.9417,118.5331,115.937,99.15327586,99.21235878,102.084611,102.2995894,95.773673679,101.639760027,,,,,,,,,,,,,,,,,,,,,96.2076,98.8993,94.3973,95.3481,101.6657,101.3215,100.9341,98.1141,110.014049022,99.495910733,110.014049022,99.407551213
2018-07-31,,,,,64.0338,123.3734,75.1136,73.6795,118.0724,115.8441,98.36205586,98.8550212,102.0851187,102.697442,95.669935079,102.433804209,,,,,,,,,,,,,,,,,,,,,96.0771,99.103,94.2951,95.4997,101.5199,102.0663,100.7893,98.8353,109.856259163,100.238208987,109.856259163,100.143907326
2018-08-31,,,,,63.8369,123.6312,74.8792,73.4298,118.0183,115.7057,98.02589272,98.48048312,101.8026067,102.3487811,95.375693098,102.231081777,,,,,,,,,,,,,,,,,,,,,95.7795,99.3437,94.005,95.6993,101.1891,101.8621,100.4608,98.6375,109.49822593,100.027930003,109.49822593,99.934396402
2018-09-30,,,,,61.3497,118.6916,72.3223,70.9378,113.3812,111.3108,94.69309154,95.10000149,97.85065439,98.31422308,91.659742014,97.761768662,,,,,,,,,,,,,,,,,,,,,92.0392,95.2961,90.3425,91.8757,97.2447,97.4124,96.5449,94.3287,105.230009705,95.656585055,105.230009705,95.567229244
2018-10-31,,,,,60.6418,117.2855,71.1165,69.8663,111.6979,109.7784,93.13045102,93.69369589,96.39440684,96.98295417,90.602101987,96.780627156,,,,,,,,,,,,,,,,,,,,,90.9838,94.2118,89.3001,90.7872,96.1127,96.4186,95.4209,93.3664,104.004977629,94.68667144,104.004977629,94.598488615
2018-11-30,,,,,62.398,121.2529,72.9678,71.6365,115.0527,113.0525,95.5564328,96.08474504,99.182849,99.71367366,93.225994558,99.981523994,,,,,,,,,,,,,,,,,,,,,93.6315,97.3514,91.8862,93.8583,98.8924,99.6025,98.1806,96.4495,107.012923909,97.811848812,107.012923909,97.720571807
2018-12-31,,,,,63.2336,122.7354,74.1727,72.7182,116.7413,114.5079,97.03756848,97.48214558,100.2994447,100.6870795,94.474457382,100.865388106,,,,,,,,,,,,,,,,,,,,,94.8916,98.6334,93.1168,95.0058,100.2204,100.4808,99.4991,97.3,108.450047531,98.680143127,108.450047531,98.587776515
2019-01-31,,,,,62.7627,120.6692,73.8082,72.2349,115.5545,113.2879,96.57180962,96.88035915,99.49027218,99.68380247,93.770850669,99.896024953,,,,,,,,,,,,,,,,,,,,,94.1809,97.1373,92.4233,93.4064,99.4955,99.5467,98.7794,96.3954,107.665565965,97.755591514,107.665565965,97.664090301
2019-02-28,,,,,62.2933,119.7165,73.1894,71.638,114.4343,112.0714,95.77986128,96.06862942,98.59869748,98.71113003,93.069553351,98.78387729,,,,,,,,,,,,,,,,,,,,,,,91.732,92.669,98.759,98.4463,98.0482,95.3299,106.868619728,96.675438559,106.868619728,96.584948391
2019-03-31,,,,,63.875,123.3014,75.2201,73.6423,117.6315,115.2541,98.42509123,98.73083816,101.2843273,101.4173969,95.432690427,101.357975977,,,,,,,,,,,,,,,,,,,,,,,94.0612,95.4439,101.2701,101.009,100.5413,97.8114,109.585922015,99.194554646,109.585922015,99.101706535
2019-04-30,,,,,64.0677,123.6667,75.2554,74.0083,118.0666,115.1556,98.61882092,98.97730289,101.6455763,101.8318838,95.671171317,101.708916246,,,,,,,,,,,,,,,,,,,,,,,94.345,95.7267,101.5725,101.4167,100.8197,98.1738,109.889403237,99.563874899,109.889403237,99.470964634
2019-05-31,,,,,64.2252,125.1495,75.448,74.4029,118.6216,116.0396,98.74437456,99.26390344,101.9930964,102.3821473,95.889948738,102.421409873,,,,,,,,,,,,,,,,,,,,,,,94.5768,96.8745,101.8048,102.1263,101.0345,98.8438,108.455613203,102.141395711,110.123569241,100.150655957
2019-06-30,,,,,64.4504,125.3816,75.5012,74.3495,119.4096,116.4757,98.91284332,99.4450684,102.7240307,103.0862696,96.220044295,103.348377069,,,,,,,,,,,,,,,,,,,,,,,94.9086,97.0542,102.1552,103.0565,101.3829,99.7443,109.506836089,102.182873172,110.503228105,101.056974183
2019-07-31,,,,,65.1195,126.9562,76.0939,74.8711,120.9211,117.7221,99.65844765,100.1411608,104.3980859,104.6668946,97.217760881,105.307680998,,,,,,,,,,,,,,,,,,,,,,,95.8938,98.273,103.2145,105.0054,102.4345,101.6291,109.319932641,101.42942143,111.649443848,102.971423168
2019-08-31,,,,,63.6734,125,74.2499,73.2471,118.5312,115.6816,97.19100866,97.85006008,102.0317814,102.4718522,95.039287558,103.222279178,,,,,,,,,,,,,,,,,,,,,,,93.7644,96.7588,100.9016,102.9279,100.1184,99.603,109.12499091,101.011105271,109.12499091,100.91684449
2019-09-30,,,,,63.7968,125.9916,74.1694,73.1981,118.8904,116.1608,97.13796304,97.78532536,102.3891691,102.7700241,95.218609891,103.654398398,,,,,,,,,,,,,,,,,,,,,,,93.9461,97.5263,101.092,103.3589,100.2972,100.0156,111.649443848,103.067798425,109.319932641,101.334866064
2019-10-31,,,,,63.9006,126.6964,74.3152,73.3474,120.0989,117.2878,97.32818183,98.05696167,103.2724786,103.7131004,95.378922363,104.417359384,,,,,,,,,,,,,,,,,,,,,,,94.099,98.0719,101.2622,104.1393,100.4687,100.7776,110.503228105,101.151557627,109.506836089,102.087903738
2019-11-30,,,,,63.2769,126.692,73.6812,72.6909,120.2426,117.4202,96.55237132,97.28237189,103.4169899,103.8286179,94.457500106,104.367297987,,,,,,,,,,,,,,,,,,,,,,,93.1805,98.0685,100.284,104.0903,99.5042,100.7376,110.123569241,100.244201084,108.455613203,102.046560516
2019-12-31,,,,,63.3477,128.7227,73.7738,72.7787,121.9051,119.0526,96.70377216,97.42740798,104.5810819,104.9795028,94.56400055,105.685837932,,,,,,,,,,,,,,,,,,,,,,,93.2847,99.6404,100.397,105.3801,99.6183,101.99,108.579906327,103.436165568,108.579906327,103.340128218
2020-01-31,,,,,62.978,126.7219,73.499,72.365,120.8955,117.9222,96.34889603,96.91339632,103.9828644,104.0760112,94.019756586,104.912816095,,,,,,,,,,,,,,,,,,,,,,,92.7404,98.0916,99.8192,104.6543,99.0538,101.2989,107.964601146,102.690997643,107.964601146,102.693147997
2020-02-29,,,,,63.3699,126.3901,73.9502,72.8987,120.4854,117.5334,96.90528504,97.57017605,103.648569,103.7744902,94.594170702,104.186187392,,,,,,,,,,,,,,,,,,,,,,,93.3174,97.8348,100.4291,104.0022,99.6442,100.6552,108.608201347,101.966512762,108.608201347,101.968647946
2020-03-31,,,,,60.8139,121.7033,72.0753,71.1867,117.2085,114.5786,94.43007483,95.24783002,100.6831099,101.0429696,90.77153883,99.907175834,,,,,,,,,,,,,,,,,,,,,,,89.5536,94.2069,96.3706,99.7379,95.6236,96.531,104.22589643,97.781636192,104.22589643,97.783683744
2020-04-30,,,,,59.7549,122.0875,71.1721,70.3682,116.6175,113.9828,93.50265159,93.99279185,101.6222214,102.4142391,89.119598053,100.288957965,,,,,,,,,,,,,,,,,,,,,,,87.9941,94.5043,94.6852,100.169,93.9376,96.936,102.327189086,98.143634598,102.327189086,98.145325919
2020-05-31,,,,,60.2405,123.6183,71.504,70.6443,117.8179,115.0979,93.98775686,94.39714719,101.9204576,102.6470169,89.839139684,101.047292195,,,,,,,,,,,,,,,,,,,,,,,88.7091,95.6893,95.4507,100.9467,94.6963,97.6826,103.152732878,98.882967631,103.152732878,98.884671693
2020-06-30,,,,,59.5753,121.8077,70.527,69.5942,116.9591,114.0327,92.70967462,93.09388076,100.7533555,101.5053325,88.863465528,100.319289662,,,,,,,,,,,,,,,,,,,,,,,87.7296,94.2877,94.4002,100.2078,93.6689,96.9793,102.051243837,98.186069069,102.051243837,98.187761121
2020-07-31,,,,,,,,,,,93.29340248,93.67685168,102.5970895,103.2270672,88.965266955,102.12578505,,,,,,,,,,,,,,,,,,,,,,,,,,,,,,,,
2020-08-31,,,,,59.0476,122.497,70.7953,69.8127,118.8295,115.3669,93.10162484,93.47224505,102.5338856,103.0570661,88.130141243,101.154080736,,,,,,,,,,,,,,,,,,,,,,,86.9524,94.8213,93.5899,100.9982,92.8971,97.7733,101.244670625,99.030150078,101.244670625,99.031856676
2020-09-30,,,,,59.7649,125.8323,71.9197,70.8127,121.9094,118.2725,94.52740893,94.82038016,105.1150326,105.5668841,89.2221194,103.611128626,,,,,,,,,,,,,,,,,,,,,,,88.0088,97.4031,94.739,103.4116,94.0478,100.1214,102.500271245,101.437597956,102.500271245,101.439346042
2020-10-31,,,,,59.5836,126.6367,71.8981,70.672,123.1301,119.2481,94.52219974,94.68156085,106.0383296,106.3671939,88.967915474,104.431751718,,,,,,,,,,,,,,,,,,,,,,,87.7417,98.0257,94.462,104.2389,93.7795,100.9271,102.210402347,102.242185622,102.210402347,102.243947574
2020-11-30,,,,,58.5333,125.2654,70.6942,69.3642,121.5499,117.5682,92.98298028,93.00708638,104.64036,104.8518559,87.427714744,103.246775614,,,,,,,,,,,,,,,,,,,,,,,86.1951,96.9642,92.8148,103.0572,92.1557,99.7904,100.449170285,101.087596994,100.449170285,101.089339049
2020-12-31,,,,,58.33,125.1731,70.5142,69.1128,121.2405,117.1421,92.80362696,92.95346334,103.0887422,103.3003957,87.149690171,101.607426934,,,,,,,,,,,,,,,,,,,,,,,85.8957,96.8928,92.5029,101.3682,91.8634,98.1788,100.148381783,99.503992435,100.148381783,99.505707199
2021-01-31,,,,,,,,,,,93.29962545,93.70801111,102.5541965,102.9834764,87.372301158,100.662284571,,,,,,,,,,,,,,,,,,,,,,,,,92.7327,100.4514,92.0979,97.2994,100.409335535,98.58235755,100.409335535,98.584056431
2021-02-28,,,,,,,,,,,93.77614723,94.23164524,103.0830396,103.4846879,87.901596583,101.066334982,,,,,,,,,,,,,,,,,,,,,,,,,92.66,97.7,92.6555,97.6999,101.016966963,98.975317244,101.016966963,98.977022897
2021-03-31,,,,,,,,,,,94.51741102,95.00882374,103.3922228,103.9536008,88.555455375,101.614064753,,,,,,,,,,,,,,,,,,,,,,,,,94.0003,101.4407,93.3444,98.213,101.758882733,99.500316004,101.758882733,99.502030705
2021-04-30,,,,,,,,,,,92.40337608,92.26369311,101.1340246,102.2146729,86.558677849,99.625829439,,,,,,,,,,,,,,,,,,,,,,,,,91.8604,99.3346,91.2201,96.3094,99.49172768,97.558861539,99.49172768,97.558861539
2021-05-31,,,,,,,,,,,93.41899887,93.24513746,103.6514529,104.7702598,87.275443733,101.815171836,,,,,,,,,,,,,,,,,,,,,,,,,92.5969,101.4942,91.9648,98.4096,100.318632993,99.701147331,100.318632993,99.701147331
2021-06-30,,,,,,,,,,,93.2184694,93.0319616,103.5704657,104.7942816,87.085752786,101.949996777,,,,,,,,,,,,,,,,,,,,,,,,,92.3999,101.4926,91.7676,98.5392,100.094691742,99.822210731,100.094691742,99.822210731
2021-07-31,,,,,,,,,,,92.79315548,92.62957035,103.5637402,104.879404,86.655329994,101.98768561,,,,,,,,,,,,,,,,,,,,,,,,,91.9669,101.6445,91.3255,98.5995,99.589571681,99.842592623,99.589571681,99.842592623
2021-08-31,,,,,,,,,,,93.35875257,93.19039782,103.9487608,105.2338976,87.164619354,102.618769596,,,,,,,,,,,,,,,,,,,,,,,,,92.5114,102.4622,91.8641,99.1964,100.171674695,100.458967369,100.171674695,100.458967369
2021-09-30,,,,,,,,,,,94.10941042,93.92206188,104.6858641,106.0359342,87.861716355,103.602881582,,,,,,,,,,,,,,,,,,,,,,,,,93.2493,103.4508,92.5988,100.1612,100.969555398,101.404455658,100.969555398,101.404455658
2021-10-31,,,,,,,,,,,93.21959303,93.00139661,104.294902,105.697097,86.612788097,102.622244156,,,,,,,,,,,,,,,,,,,,,,,,,91.9316,102.4939,91.2882,99.2259,99.518457814,100.442326701,99.518457814,100.442326701
2021-11-30,,,,,,,,,,,94.02714884,93.49570326,105.3343971,106.4656571,87.604068655,104.114480247,,,,,,,,,,,,,,,,,,,,,,,,,92.9998,104.0129,92.3447,100.676,100.628630992,101.872144143,100.628630992,101.872144143
2021-12-31,,,,,,,93.7339,92.9475,104.1082,105.0736,93.73391432,92.94750029,104.0907176,105.0581811,86.643520459,102.519968415,,,,,,,,,,,,,,,,,,,,,,,,,91.981,102.4088,91.3327,99.1347,99.523684415,100.313480568,99.523684415,100.313480568
2022-01-31,,,,,,,,,,,94.69525693,93.94013787,104.2316179,105.36,87.595083312,102.862289287,,,,,,,,,,,,,,,,,,,,,,,,,92.33,99.62,92.3322,99.4668,100.62145673,100.644359984,100.62145673,100.644359984
2022-02-28,,,,,,,,,,,93.89517373,93.16422698,102.9238072,104.0964417,86.907871406,101.507986516,,,,,,,,,,,,,,,,,,,,,,,,,91.61,98.84,91.6074,98.1579,99.829798062,99.317462841,99.829798062,99.317462841
2022-03-31,,,,,,,,,,,93.70735443,92.74069685,102.2437948,103.3416425,86.420969589,100.820304775,,,,,,,,,,,,,,,,,,,,,,,,,,,91.1098,97.9291,99.242117798,98.621990511,99.242117798,98.621990511
2022-04-30,,,,,,,,,,,94.71418658,93.09912036,103.6897786,105.0322459,87.542645762,102.996534489,,,,,,,,,,,,,,,,,,,,,,,,,,,,,100.574563651,100.857629207,100.574563651,100.857629207
2022-05-31,,,,,,,,,,,94.67586425,93.10375369,103.7625264,105.3493913,87.988601525,103.978941098,,,,,,,,,,,,,,,,,,,,,,,,,,,,,101.086906018,101.819634405,101.086906018,101.819634405
2022-06-30,,,,,,,,,,,94.19553911,92.36951903,102.6915331,104.239494,87.343121676,103.087175094,,,,,,,,,,,,,,,,,,,,,,,,,,,,,100.345337681,100.9463875,100.345337681,100.9463875
2022-07-31,,,,,,,,,,,93.77274914,91.828985,102.2534722,103.7234223,86.81084784,102.7066095,,,,,,,,,,,,,,,,,,,,,,,,,,,,,99.73263777,100.5725251,99.73263777,100.5725251
2022-08-31,,,,,,,,,,,93.94801399,92.02070523,102.4546505,104.0068009,87.16854617,103.4909439,,,,,,,,,,,,,,,,,,,,,,,,,,,,,100.1435795,101.3405623,100.1435795,101.3405623
2022-09-30,,,,,,,,,,,94.58454512,92.80928014,103.076783,104.9153884,88.19176594,104.7884374,,,,,,,,,,,,,,,,,,,,,,,,,,,,,101.3191054,102.6110959,101.3191054,102.6110959
2022-10-31,,,,,,,,,,,93.20496693,91.66218994,101.9418262,104.1563771,86.85216829,103.3504522,,,,,,,,,,,,,,,,,,,,,,,,,,,,,99.78010876,101.2029898,99.78010876,101.2029898
2022-11-30,,,,,,,,,,,92.98507811,91.39499599,101.3649779,103.5273779,86.28943352,102.6214138,,,,,,,,,,,,,,,,,,,,,,,,,,,,,99.13361095,100.4890997,99.13361095,100.4890997
2022-12-31,,,,,,,,,,,90.99711826,89.26633956,98.56664273,100.3921038,83.6912663,99.24016948,,,,,,,,,,,,,,,,,,,,,,,,,,,,,96.14870669,97.17811238,96.14870669,97.17811238
2023-01-31,,,,,,,,,,,91.03751244,89.06486681,98.72011707,100.2387842,83.13929983,98.5912787,,,,,,,,,,,,,,,,,,,,,,,,,,,,,95.51458004,96.54270455,95.51458004,96.54270455
2023-02-28,,,,,,,,,,,90.63672519,88.45169619,97.97453364,99.38940824,82.79062713,98.10424978,,,,,,,,,,,,,,,,,,,,,,,,,,,,,95.11400742,96.06579534,95.11400742,96.06579534
2023-03-31,,,,,,,,,,,91.35133439,89.2806623,98.38872753,100.1112574,83.35410466,98.69872303,,,,,,,,,,,,,,,,,,,,,,,,,,,,,95.76135856,96.64791636,95.76135856,96.64791636
2023-04-30,,,,,,,,,,,91.54015309,89.0900767,98.38344338,100.2732391,82.98013824,98.3162322,,,,,,,,,,,,,,,,,,,,,,,,,,,,,95.36608568,96.39437145,95.36608568,96.40757196
2023-05-31,,,,,,,,,,,91.58259922,89.18778788,98.78274213,100.8011812,83.22166393,99.09126972,,,,,,,,,,,,,,,,,,,,,,,,,,,,,95.64148594,97.15429918,95.64148594,97.15429918
2023-06-30,,,,,,,,,,,92.59138033,90.32089182,100.5998147,102.9172548,84.09086437,101.0510394,,,,,,,,,,,,,,,,,,,,,,,,,,,,,96.64032274,99.07683447,96.6403,99.0919
2023-07-31,,,,,,,,,,,92.96646278,90.68860788,103.6505936,106.1662636,83.71936528,103.4508035,,,,,,,,,,,,,,,,,,,,,,,,,,,,,96.22300712,101.4396927,96.223,101.5607
2023-08-31,,,,,,,,,,,93.08641431,90.85985484,102.7687957,105.4406355,83.73322862,103.0280301,,,,,,,,,,,,,,,,,,,,,,,,,,,,,96.23590807,101.0268182,96.24,101.03
2023-09-30,,,,,,,,,,,93.55023474,91.29388266,101.4547374,104.1601159,84.24521391,102.2055722,,,,,,,,,,,,,,,,,,,,,,,,,84.271654,102.630967,,,96.81664031,100.2114639,96.81664,100.405505
2023-10-31,,,,,,,,,,,94.03232881,91.71078674,102.4371929,105.1540388,84.49842818,103.0688567,,,,,,,,,,,,,,,,,,,,,,,,,84.5197,103.3783,,,97.1016291,101.0421219,97.1016,101.1367
2023-11-30,,,,,,,,,,,93.22865909,90.80004305,102.1865686,104.7531731,83.57422044,102.8641631,,,,,,,,,,,,,,,,,,,,,,,,,83.60514684,102.9888494,,,96.05091426,100.8501037,96.050914,100.8501037
2023-12-31,,,,,,,,,,,92.82782597,90.31475891,101.2040678,103.6058424,82.87768841,101.6171299,,,,,,,,,,,,,,,,,,,,,,,,,82.9084,101.7618,,,95.2504498,99.62717272,95.2504,99.6485
2024-01-31,,,,,,,,,,,93.23651148,90.70035849,101.2116597,103.6915013,83.15004383,101.7433287,,,,,,,,,,,,,,,,,,,,,,,,,,,,,95.56564597,99.75401546,95.565646,99.946066
2024-02-29,,,,,,,,,,,94.36784664,91.94361257,102.0389683,104.7526758,83.76805659,101.9496046,,,,,,,,,,,,,,,,,,,,,,,,,,,,,96.27269599,99.95486531,96.272696,99.978693
2024-03-31,,,,,,,,,,,94.51365771,92.07202097,101.690892,104.5792296,83.56879076,101.5222569,,,,,,,,,,,,,,,,,,,,,,,,,83.60297,101.746707,,,96.04841307,99.54768796,96.048413,99.633757
2024-04-30,,,,,,,,,,,94.19167291,91.98692854,101.4821663,104.5280007,83.71349853,101.8244613,,,,,,,,,,,,,,,,,,,,,,,,,,,,,96.24686097,100.0139383,96.246860973,100.002228713
2024-05-31,,,,,,,,,,,94.23212897,91.93970675,101.8411351,104.8459012,83.59288037,102.0895477,,,,,,,,,,,,,,,,,,,,,,,,,,,,,96.11754201,100.2912794,96.1175,100.2484
2024-06-30,,,,,,,,,,,94.59494306,92.1094309,103.4256061,106.3006759,83.659637,103.4947645,,,,,,,,,,,,,,,,,,,,,,,,,,,,,,,96.193066,101.651462
2024-07-31,,,,,,,,,,,94.38347891,91.90963399,104.5015394,107.468623,83.38797206,104.4240363,,,,,,,,,,,,,,,,,,,,,,,,,,,,,,,,
2024-08-31,,,,,,,,,,,93.45607493,90.78870248,102.8986986,105.5326888,82.02541378,102.5038566,,,,,,,,,,,,,,,,,,,,,,,,,,,,,,,,
2024-09-30,,,,,,,,,,,93.05855464,90.35134199,102.7602296,105.4009975,81.52762963,102.493993,,,,,,,,,,,,,,,,,,,,,,,,,,,,,,,,
2024-10-31,,,,,,,,,,,93.45653352,90.85164673,104.3719191,107.3154371,81.98244043,104.2978117,,,,,,,,,,,,,,,,,,,,,,,,,,,,,,,,
2024-11-30,,,,,,,,,,,94.16117768,91.67769842,104.9183497,108.0326893,82.78462909,105.3986082,,,,,,,,,,,,,,,,,,,,,,,,,,,,,,,,
2024-12-31,,,,,,,,,,,93.91878306,91.53322066,103.7761847,106.9176558,82.76906945,104.6181192,,,,,,,,,,,,,,,,,,,,,,,,,,,,,,,,
2025-01-31,,,,,,,,,,,93.10894842,90.69979238,101.426109,104.491822,82.01200782,102.0720173,,,,,,,,,,,,,,,,,,,,,,,,,,,,,,,,
2025-02-28,,,,,,,,,,,91.93283037,89.29630433,99.58811314,102.342402,80.92021201,100.1821634,,,,,,,,,,,,,,,,,,,,,,,,,,,,,,,,
2025-03-31,,,,,,,,,,,91.70611259,88.99991273,98.95195368,101.7204502,80.24001811,99.20030243,,,,,,,,,,,,,,,,,,,,,,,,,,,,,,,,
2025-04-30,,,,,,,,,,,90.928409764,88.993186974,98.776318919,101.558954212,80.37776972,99.21121149,,,,,,,,,,,,,,,,,,,,,,,,,,,,,,,,
2025-05-31,,,,,,,,,,,90.51155037,88.35184874,98.470721784,101.030996699,80.30598834,99.38257161,,,,,,,,,,,,,,,,,,,,,,,,,,,,,,,,
2025-06-30,,,,,,,,,,,89.080421694,86.924736718,97.33999979,99.925952142,79.06358715,98.26352237,,,,,,,,,,,,,,,,,,,,,,,,,,,,,,,,
2025-07-31,,,,,,,,,,,88.561306866,86.484238047,97.371371007,100.078809551,78.57750307,98.25930237,,,,,,,,,,,,,,,,,,,,,,,,,,,,,,,,
2025-08-31,,,,,,,,,,,87.348271246,85.390385601,95.961434748,98.748865871,77.47511302,97.09727711,,,,,,,,,,,,,,,,,,,,,,,,,,,,,,,,
2025-09-30,,,,,,,,,,,86.271550991,84.476475924,94.356302592,97.309651831,76.38517653,95.61154473,,,,,,,,,,,,,,,,,,,,,,,,,,,,,,,,
2025-10-31,,,,,,,,,,,86.402933407,84.503548971,94.241124247,97.137936721,76.59280976,95.66122177,,,,,,,,,,,,,,,,,,,,,,,,,,,,,,,,
2025-11-30,,,,,,,,,,,86.199553689,84.27096278,94.382336095,97.198554508,76.51494609,95.95940628,,,,,,,,,,,,,,,,,,,,,,,,,,,,,,,,
2025-12-31,,,,,,,,,,,84.601668205,82.63889658,92.443874956,95.107095898,74.95164614,93.98455573,,,,,,,,,,,,,,,,,,,,,,,,,,,,,,,,
2026-01-31,,,,,,,,,,,84.591332664,82.142013301,92.698292511,94.781370292,74.0893027,93.27613846,,,,,,,,,,,,,,,,,,,,,,,,,,,,,,,,
2026-02-28,,,,,,,,,,,84.279875221,81.699670753,92.128025263,93.989106609,73.75697665,92.43019397,,,,,,,,,,,,,,,,,,,,,,,,,,,,,,,,
2026-03-31,,,,,,,,,,,83.315742677,80.796248853,90.494223729,92.571666468,72.71451589,90.83888849,,,,,,,,,,,,,,,,,,,,,,,,,,,,,,,,
2026-04-30,,,,,,,,,,,82.315255237,79.662410144,88.870973066,90.968794549,71.7431042,89.346182,,,,,,,,,,,,,,,,,,,,,,,,,,,,,,,,
