month,usd_per_oz
1833-01,18.93
1833-02,18.93
1833-03,18.93
1833-04,18.93
1833-05,18.93
1833-06,18.93
1833-07,18.93
1833-08,18.93
1833-09,18.93
1833-10,18.93
1833-11,18.93
1833-12,18.93
1834-01,18.93
1834-02,18.93
1834-03,18.93
1834-04,18.93
1834-05,18.93
1834-06,18.93
1834-07,18.93
1834-08,18.93
1834-09,18.93
1834-10,18.93
1834-11,18.93
1834-12,18.93
1835-01,18.93
1835-02,18.93
1835-03,18.93
1835-04,18.93
1835-05,18.93
1835-06,18.93
1835-07,18.93
1835-08,18.93
1835-09,18.93
1835-10,18.93
1835-11,18.93
1835-12,18.93
1836-01,18.93
1836-02,18.93
1836-03,18.93
1836-04,18.93
1836-05,18.93
1836-06,18.93
1836-07,18.93
1836-08,18.93
1836-09,18.93
1836-10,18.93
1836-11,18.93
1836-12,18.93
1837-01,18.93
1837-02,18.93
1837-03,18.93
1837-04,18.93
1837-05,18.93
1837-06,18.93
1837-07,18.93
1837-08,18.93
1837-09,18.93
1837-10,18.93
1837-11,18.93
1837-12,18.93
1838-01,18.93
1838-02,18.93
1838-03,18.93
1838-04,18.93
1838-05,18.93
1838-06,18.93
1838-07,18.93
1838-08,18.93
1838-09,18.93
1838-10,18.93
1838-11,18.93
1838-12,18.93
1839-01,18.93
1839-02,18.93
1839-03,18.93
1839-04,18.93
1839-05,18.93
1839-06,18.93
1839-07,18.93
1839-08,18.93
1839-09,18.93
1839-10,18.93
1839-11,18.93
1839-12,18.93
1840-01,18.93
1840-02,18.93
1840-03,18.93
1840-04,18.93
1840-05,18.93
1840-06,18.93
1840-07,18.93
1840-08,18.93
1840-09,18.93
1840-10,18.93
1840-11,18.93
1840-12,18.93
1841-01,18.93
1841-02,18.93
1841-03,18.93
1841-04,18.93
1841-05,18.93
1841-06,18.93
1841-07,18.93
1841-08,18.93
1841-09,18.93
1841-10,18.93
1841-11,18.93
1841-12,18.93
1842-01,18.93
1842-02,18.93
1842-03,18.93
1842-04,18.93
1842-05,18.93
1842-06,18.93
1842-07,18.93
1842-08,18.93
1842-09,18.93
1842-10,18.93
1842-11,18.93
1842-12,18.93
1843-01,18.93
1843-02,18.93
1843-03,18.93
1843-04,18.93
1843-05,18.93
1843-06,18.93
1843-07,18.93
1843-08,18.93
1843-09,18.93
1843-10,18.93
1843-11,18.93
1843-12,18.93
1844-01,18.93
1844-02,18.93
1844-03,18.93
1844-04,18.93
1844-05,18.93
1844-06,18.93
1844-07,18.93
1844-08,18.93
1844-09,18.93
1844-10,18.93
1844-11,18.93
1844-12,18.93
1845-01,18.93
1845-02,18.93
1845-03,18.93
1845-04,18.93
1845-05,18.93
1845-06,18.93
1845-07,18.93
1845-08,18.93
1845-09,18.93
1845-10,18.93
1845-11,18.93
1845-12,18.93
1846-01,18.93
1846-02,18.93
1846-03,18.93
1846-04,18.93
1846-05,18.93
1846-06,18.93
1846-07,18.93
1846-08,18.93
1846-09,18.93
1846-10,18.93
1846-11,18.93
1846-12,18.93
1847-01,18.93
1847-02,18.93
1847-03,18.93
1847-04,18.93
1847-05,18.93
1847-06,18.93
1847-07,18.93
1847-08,18.93
1847-09,18.93
1847-10,18.93
1847-11,18.93
1847-12,18.93
1848-01,18.93
1848-02,18.93
1848-03,18.93
1848-04,18.93
1848-05,18.93
1848-06,18.93
1848-07,18.93
1848-08,18.93
1848-09,18.93
1848-10,18.93
1848-11,18.93
1848-12,18.93
1849-01,18.93
1849-02,18.93
1849-03,18.93
1849-04,18.93
1849-05,18.93
1849-06,18.93
1849-07,18.93
1849-08,18.93
1849-09,18.93
1849-10,18.93
1849-11,18.93
1849-12,18.93
1850-01,18.93
1850-02,18.93
1850-03,18.93
1850-04,18.93
1850-05,18.93
1850-06,18.93
1850-07,18.93
1850-08,18.93
1850-09,18.93
1850-10,18.93
1850-11,18.93
1850-12,18.93
1851-01,18.93
1851-02,18.93
1851-03,18.93
1851-04,18.93
1851-05,18.93
1851-06,18.93
1851-07,18.93
1851-08,18.93
1851-09,18.93
1851-10,18.93
1851-11,18.93
1851-12,18.93
1852-01,18.93
1852-02,18.93
1852-03,18.93
1852-04,18.93
1852-05,18.93
1852-06,18.93
1852-07,18.93
1852-08,18.93
1852-09,18.93
1852-10,18.93
1852-11,18.93
1852-12,18.93
1853-01,18.93
1853-02,18.93
1853-03,18.93
1853-04,18.93
1853-05,18.93
1853-06,18.93
1853-07,18.93
1853-08,18.93
1853-09,18.93
1853-10,18.93
1853-11,18.93
1853-12,18.93
1854-01,18.93
1854-02,18.93
1854-03,18.93
1854-04,18.93
1854-05,18.93
1854-06,18.93
1854-07,18.93
1854-08,18.93
1854-09,18.93
1854-10,18.93
1854-11,18.93
1854-12,18.93
1855-01,18.93
1855-02,18.93
1855-03,18.93
1855-04,18.93
1855-05,18.93
1855-06,18.93
1855-07,18.93
1855-08,18.93
1855-09,18.93
1855-10,18.93
1855-11,18.93
1855-12,18.93
1856-01,18.93
1856-02,18.93
1856-03,18.93
1856-04,18.93
1856-05,18.93
1856-06,18.93
1856-07,18.93
1856-08,18.93
1856-09,18.93
1856-10,18.93
1856-11,18.93
1856-12,18.93
1857-01,18.93
1857-02,18.93
1857-03,18.93
1857-04,18.93
1857-05,18.93
1857-06,18.93
1857-07,18.93
1857-08,18.93
1857-09,18.93
1857-10,18.93
1857-11,18.93
1857-12,18.93
1858-01,18.93
1858-02,18.93
1858-03,18.93
1858-04,18.93
1858-05,18.93
1858-06,18.93
1858-07,18.93
1858-08,18.93
1858-09,18.93
1858-10,18.93
1858-11,18.93
1858-12,18.93
1859-01,18.93
1859-02,18.93
1859-03,18.93
1859-04,18.93
1859-05,18.93
1859-06,18.93
1859-07,18.93
1859-08,18.93
1859-09,18.93
1859-10,18.93
1859-11,18.93
1859-12,18.93
1860-01,18.93
1860-02,18.93
1860-03,18.93
1860-04,18.93
1860-05,18.93
1860-06,18.93
1860-07,18.93
1860-08,18.93
1860-09,18.93
1860-10,18.93
1860-11,18.93
1860-12,18.93
1861-01,18.93
1861-02,18.93
1861-03,18.93
1861-04,18.93
1861-05,18.93
1861-06,18.93
1861-07,18.93
1861-08,18.93
1861-09,18.93
1861-10,18.93
1861-11,18.93
1861-12,18.93
1862-01,18.93
1862-02,18.93
1862-03,18.93
1862-04,18.93
1862-05,18.93
1862-06,18.93
1862-07,18.93
1862-08,18.93
1862-09,18.93
1862-10,18.93
1862-11,18.93
1862-12,18.93
1863-01,18.93
1863-02,18.93
1863-03,18.93
1863-04,18.93
1863-05,18.93
1863-06,18.93
1863-07,18.93
1863-08,18.93
1863-09,18.93
1863-10,18.93
1863-11,18.93
1863-12,18.93
1864-01,18.93
1864-02,18.93
1864-03,18.93
1864-04,18.93
1864-05,18.93
1864-06,18.93
1864-07,18.93
1864-08,18.93
1864-09,18.93
1864-10,18.93
1864-11,18.93
1864-12,18.93
1865-01,18.93
1865-02,18.93
1865-03,18.93
1865-04,18.93
1865-05,18.93
1865-06,18.93
1865-07,18.93
1865-08,18.93
1865-09,18.93
1865-10,18.93
1865-11,18.93
1865-12,18.93
1866-01,18.93
1866-02,18.93
1866-03,18.93
1866-04,18.93
1866-05,18.93
1866-06,18.93
1866-07,18.93
1866-08,18.93
1866-09,18.93
1866-10,18.93
1866-11,18.93
1866-12,18.93
1867-01,18.93
1867-02,18.93
1867-03,18.93
1867-04,18.93
1867-05,18.93
1867-06,18.93
1867-07,18.93
1867-08,18.93
1867-09,18.93
1867-10,18.93
1867-11,18.93
1867-12,18.93
1868-01,18.93
1868-02,18.93
1868-03,18.93
1868-04,18.93
1868-05,18.93
1868-06,18.93
1868-07,18.93
1868-08,18.93
1868-09,18.93
1868-10,18.93
1868-11,18.93
1868-12,18.93
1869-01,18.93
1869-02,18.93
1869-03,18.93
1869-04,18.93
1869-05,18.93
1869-06,18.93
1869-07,18.93
1869-08,18.93
1869-09,18.93
1869-10,18.93
1869-11,18.93
1869-12,18.93
1870-01,18.93
1870-02,18.93
1870-03,18.93
1870-04,18.93
1870-05,18.93
1870-06,18.93
1870-07,18.93
1870-08,18.93
1870-09,18.93
1870-10,18.93
1870-11,18.93
1870-12,18.93
1871-01,18.93
1871-02,18.93
1871-03,18.93
1871-04,18.93
1871-05,18.93
1871-06,18.93
1871-07,18.93
1871-08,18.93
1871-09,18.93
1871-10,18.93
1871-11,18.93
1871-12,18.93
1872-01,18.94
1872-02,18.94
1872-03,18.94
1872-04,18.94
1872-05,18.94
1872-06,18.94
1872-07,18.94
1872-08,18.94
1872-09,18.94
1872-10,18.94
1872-11,18.94
1872-12,18.94
1873-01,18.94
1873-02,18.94
1873-03,18.94
1873-04,18.94
1873-05,18.94
1873-06,18.94
1873-07,18.94
1873-08,18.94
1873-09,18.94
1873-10,18.94
1873-11,18.94
1873-12,18.94
1874-01,18.94
1874-02,18.94
1874-03,18.94
1874-04,18.94
1874-05,18.94
1874-06,18.94
1874-07,18.94
1874-08,18.94
1874-09,18.94
1874-10,18.94
1874-11,18.94
1874-12,18.94
1875-01,18.94
1875-02,18.94
1875-03,18.94
1875-04,18.94
1875-05,18.94
1875-06,18.94
1875-07,18.94
1875-08,18.94
1875-09,18.94
1875-10,18.94
1875-11,18.94
1875-12,18.94
1876-01,18.94
1876-02,18.94
1876-03,18.94
1876-04,18.94
1876-05,18.94
1876-06,18.94
1876-07,18.94
1876-08,18.94
1876-09,18.94
1876-10,18.94
1876-11,18.94
1876-12,18.94
1877-01,18.94
1877-02,18.94
1877-03,18.94
1877-04,18.94
1877-05,18.94
1877-06,18.94
1877-07,18.94
1877-08,18.94
1877-09,18.94
1877-10,18.94
1877-11,18.94
1877-12,18.94
1878-01,18.94
1878-02,18.94
1878-03,18.94
1878-04,18.94
1878-05,18.94
1878-06,18.94
1878-07,18.94
1878-08,18.94
1878-09,18.94
1878-10,18.94
1878-11,18.94
1878-12,18.94
1879-01,18.94
1879-02,18.94
1879-03,18.94
1879-04,18.94
1879-05,18.94
1879-06,18.94
1879-07,18.94
1879-08,18.94
1879-09,18.94
1879-10,18.94
1879-11,18.94
1879-12,18.94
1880-01,18.94
1880-02,18.94
1880-03,18.94
1880-04,18.94
1880-05,18.94
1880-06,18.94
1880-07,18.94
1880-08,18.94
1880-09,18.94
1880-10,18.94
1880-11,18.94
1880-12,18.94
1881-01,18.94
1881-02,18.94
1881-03,18.94
1881-04,18.94
1881-05,18.94
1881-06,18.94
1881-07,18.94
1881-08,18.94
1881-09,18.94
1881-10,18.94
1881-11,18.94
1881-12,18.94
1882-01,18.94
1882-02,18.94
1882-03,18.94
1882-04,18.94
1882-05,18.94
1882-06,18.94
1882-07,18.94
1882-08,18.94
1882-09,18.94
1882-10,18.94
1882-11,18.94
1882-12,18.94
1883-01,18.94
1883-02,18.94
1883-03,18.94
1883-04,18.94
1883-05,18.94
1883-06,18.94
1883-07,18.94
1883-08,18.94
1883-09,18.94
1883-10,18.94
1883-11,18.94
1883-12,18.94
1884-01,18.94
1884-02,18.94
1884-03,18.94
1884-04,18.94
1884-05,18.94
1884-06,18.94
1884-07,18.94
1884-08,18.94
1884-09,18.94
1884-10,18.94
1884-11,18.94
1884-12,18.94
1885-01,18.94
1885-02,18.94
1885-03,18.94
1885-04,18.94
1885-05,18.94
1885-06,18.94
1885-07,18.94
1885-08,18.94
1885-09,18.94
1885-10,18.94
1885-11,18.94
1885-12,18.94
1886-01,18.94
1886-02,18.94
1886-03,18.94
1886-04,18.94
1886-05,18.94
1886-06,18.94
1886-07,18.94
1886-08,18.94
1886-09,18.94
1886-10,18.94
1886-11,18.94
1886-12,18.94
1887-01,18.94
1887-02,18.94
1887-03,18.94
1887-04,18.94
1887-05,18.94
1887-06,18.94
1887-07,18.94
1887-08,18.94
1887-09,18.94
1887-10,18.94
1887-11,18.94
1887-12,18.94
1888-01,18.94
1888-02,18.94
1888-03,18.94
1888-04,18.94
1888-05,18.94
1888-06,18.94
1888-07,18.94
1888-08,18.94
1888-09,18.94
1888-10,18.94
1888-11,18.94
1888-12,18.94
1889-01,18.93
1889-02,18.93
1889-03,18.93
1889-04,18.93
1889-05,18.93
1889-06,18.93
1889-07,18.93
1889-08,18.93
1889-09,18.93
1889-10,18.93
1889-11,18.93
1889-12,18.93
1890-01,18.94
1890-02,18.94
1890-03,18.94
1890-04,18.94
1890-05,18.94
1890-06,18.94
1890-07,18.94
1890-08,18.94
1890-09,18.94
1890-10,18.94
1890-11,18.94
1890-12,18.94
1891-01,18.96
1891-02,18.96
1891-03,18.96
1891-04,18.96
1891-05,18.96
1891-06,18.96
1891-07,18.96
1891-08,18.96
1891-09,18.96
1891-10,18.96
1891-11,18.96
1891-12,18.96
1892-01,18.96
1892-02,18.96
1892-03,18.96
1892-04,18.96
1892-05,18.96
1892-06,18.96
1892-07,18.96
1892-08,18.96
1892-09,18.96
1892-10,18.96
1892-11,18.96
1892-12,18.96
1893-01,18.96
1893-02,18.96
1893-03,18.96
1893-04,18.96
1893-05,18.96
1893-06,18.96
1893-07,18.96
1893-08,18.96
1893-09,18.96
1893-10,18.96
1893-11,18.96
1893-12,18.96
1894-01,18.94
1894-02,18.94
1894-03,18.94
1894-04,18.94
1894-05,18.94
1894-06,18.94
1894-07,18.94
1894-08,18.94
1894-09,18.94
1894-10,18.94
1894-11,18.94
1894-12,18.94
1895-01,18.93
1895-02,18.93
1895-03,18.93
1895-04,18.93
1895-05,18.93
1895-06,18.93
1895-07,18.93
1895-08,18.93
1895-09,18.93
1895-10,18.93
1895-11,18.93
1895-12,18.93
1896-01,18.98
1896-02,18.98
1896-03,18.98
1896-04,18.98
1896-05,18.98
1896-06,18.98
1896-07,18.98
1896-08,18.98
1896-09,18.98
1896-10,18.98
1896-11,18.98
1896-12,18.98
1897-01,18.98
1897-02,18.98
1897-03,18.98
1897-04,18.98
1897-05,18.98
1897-06,18.98
1897-07,18.98
1897-08,18.98
1897-09,18.98
1897-10,18.98
1897-11,18.98
1897-12,18.98
1898-01,18.98
1898-02,18.98
1898-03,18.98
1898-04,18.98
1898-05,18.98
1898-06,18.98
1898-07,18.98
1898-08,18.98
1898-09,18.98
1898-10,18.98
1898-11,18.98
1898-12,18.98
1899-01,18.94
1899-02,18.94
1899-03,18.94
1899-04,18.94
1899-05,18.94
1899-06,18.94
1899-07,18.94
1899-08,18.94
1899-09,18.94
1899-10,18.94
1899-11,18.94
1899-12,18.94
1900-01,18.96
1900-02,18.96
1900-03,18.96
1900-04,18.96
1900-05,18.96
1900-06,18.96
1900-07,18.96
1900-08,18.96
1900-09,18.96
1900-10,18.96
1900-11,18.96
1900-12,18.96
1901-01,18.98
1901-02,18.98
1901-03,18.98
1901-04,18.98
1901-05,18.98
1901-06,18.98
1901-07,18.98
1901-08,18.98
1901-09,18.98
1901-10,18.98
1901-11,18.98
1901-12,18.98
1902-01,18.97
1902-02,18.97
1902-03,18.97
1902-04,18.97
1902-05,18.97
1902-06,18.97
1902-07,18.97
1902-08,18.97
1902-09,18.97
1902-10,18.97
1902-11,18.97
1902-12,18.97
1903-01,18.95
1903-02,18.95
1903-03,18.95
1903-04,18.95
1903-05,18.95
1903-06,18.95
1903-07,18.95
1903-08,18.95
1903-09,18.95
1903-10,18.95
1903-11,18.95
1903-12,18.95
1904-01,18.96
1904-02,18.96
1904-03,18.96
1904-04,18.96
1904-05,18.96
1904-06,18.96
1904-07,18.96
1904-08,18.96
1904-09,18.96
1904-10,18.96
1904-11,18.96
1904-12,18.96
1905-01,18.92
1905-02,18.92
1905-03,18.92
1905-04,18.92
1905-05,18.92
1905-06,18.92
1905-07,18.92
1905-08,18.92
1905-09,18.92
1905-10,18.92
1905-11,18.92
1905-12,18.92
1906-01,18.90
1906-02,18.90
1906-03,18.90
1906-04,18.90
1906-05,18.90
1906-06,18.90
1906-07,18.90
1906-08,18.90
1906-09,18.90
1906-10,18.90
1906-11,18.90
1906-12,18.90
1907-01,18.94
1907-02,18.94
1907-03,18.94
1907-04,18.94
1907-05,18.94
1907-06,18.94
1907-07,18.94
1907-08,18.94
1907-09,18.94
1907-10,18.94
1907-11,18.94
1907-12,18.94
1908-01,18.95
1908-02,18.95
1908-03,18.95
1908-04,18.95
1908-05,18.95
1908-06,18.95
1908-07,18.95
1908-08,18.95
1908-09,18.95
1908-10,18.95
1908-11,18.95
1908-12,18.95
1909-01,18.96
1909-02,18.96
1909-03,18.96
1909-04,18.96
1909-05,18.96
1909-06,18.96
1909-07,18.96
1909-08,18.96
1909-09,18.96
1909-10,18.96
1909-11,18.96
1909-12,18.96
1910-01,18.92
1910-02,18.92
1910-03,18.92
1910-04,18.92
1910-05,18.92
1910-06,18.92
1910-07,18.92
1910-08,18.92
1910-09,18.92
1910-10,18.92
1910-11,18.92
1910-12,18.92
1911-01,18.92
1911-02,18.92
1911-03,18.92
1911-04,18.92
1911-05,18.92
1911-06,18.92
1911-07,18.92
1911-08,18.92
1911-09,18.92
1911-10,18.92
1911-11,18.92
1911-12,18.92
1912-01,18.93
1912-02,18.93
1912-03,18.93
1912-04,18.93
1912-05,18.93
1912-06,18.93
1912-07,18.93
1912-08,18.93
1912-09,18.93
1912-10,18.93
1912-11,18.93
1912-12,18.93
1913-01,18.92
1913-02,18.92
1913-03,18.92
1913-04,18.92
1913-05,18.92
1913-06,18.92
1913-07,18.92
1913-08,18.92
1913-09,18.92
1913-10,18.92
1913-11,18.92
1913-12,18.92
1914-01,18.99
1914-02,18.99
1914-03,18.99
1914-04,18.99
1914-05,18.99
1914-06,18.99
1914-07,18.99
1914-08,18.99
1914-09,18.99
1914-10,18.99
1914-11,18.99
1914-12,18.99
1915-01,18.99
1915-02,18.99
1915-03,18.99
1915-04,18.99
1915-05,18.99
1915-06,18.99
1915-07,18.99
1915-08,18.99
1915-09,18.99
1915-10,18.99
1915-11,18.99
1915-12,18.99
1916-01,18.99
1916-02,18.99
1916-03,18.99
1916-04,18.99
1916-05,18.99
1916-06,18.99
1916-07,18.99
1916-08,18.99
1916-09,18.99
1916-10,18.99
1916-11,18.99
1916-12,18.99
1917-01,18.99
1917-02,18.99
1917-03,18.99
1917-04,18.99
1917-05,18.99
1917-06,18.99
1917-07,18.99
1917-08,18.99
1917-09,18.99
1917-10,18.99
1917-11,18.99
1917-12,18.99
1918-01,18.99
1918-02,18.99
1918-03,18.99
1918-04,18.99
1918-05,18.99
1918-06,18.99
1918-07,18.99
1918-08,18.99
1918-09,18.99
1918-10,18.99
1918-11,18.99
1918-12,18.99
1919-01,19.95
1919-02,19.95
1919-03,19.95
1919-04,19.95
1919-05,19.95
1919-06,19.95
1919-07,19.95
1919-08,19.95
1919-09,19.95
1919-10,19.95
1919-11,19.95
1919-12,19.95
1920-01,20.68
1920-02,20.68
1920-03,20.68
1920-04,20.68
1920-05,20.68
1920-06,20.68
1920-07,20.68
1920-08,20.68
1920-09,20.68
1920-10,20.68
1920-11,20.68
1920-12,20.68
1921-01,20.58
1921-02,20.58
1921-03,20.58
1921-04,20.58
1921-05,20.58
1921-06,20.58
1921-07,20.58
1921-08,20.58
1921-09,20.58
1921-10,20.58
1921-11,20.58
1921-12,20.58
1922-01,20.66
1922-02,20.66
1922-03,20.66
1922-04,20.66
1922-05,20.66
1922-06,20.66
1922-07,20.66
1922-08,20.66
1922-09,20.66
1922-10,20.66
1922-11,20.66
1922-12,20.66
1923-01,21.32
1923-02,21.32
1923-03,21.32
1923-04,21.32
1923-05,21.32
1923-06,21.32
1923-07,21.32
1923-08,21.32
1923-09,21.32
1923-10,21.32
1923-11,21.32
1923-12,21.32
1924-01,20.69
1924-02,20.69
1924-03,20.69
1924-04,20.69
1924-05,20.69
1924-06,20.69
1924-07,20.69
1924-08,20.69
1924-09,20.69
1924-10,20.69
1924-11,20.69
1924-12,20.69
1925-01,20.64
1925-02,20.64
1925-03,20.64
1925-04,20.64
1925-05,20.64
1925-06,20.64
1925-07,20.64
1925-08,20.64
1925-09,20.64
1925-10,20.64
1925-11,20.64
1925-12,20.64
1926-01,20.63
1926-02,20.63
1926-03,20.63
1926-04,20.63
1926-05,20.63
1926-06,20.63
1926-07,20.63
1926-08,20.63
1926-09,20.63
1926-10,20.63
1926-11,20.63
1926-12,20.63
1927-01,20.64
1927-02,20.64
1927-03,20.64
1927-04,20.64
1927-05,20.64
1927-06,20.64
1927-07,20.64
1927-08,20.64
1927-09,20.64
1927-10,20.64
1927-11,20.64
1927-12,20.64
1928-01,20.66
1928-02,20.66
1928-03,20.66
1928-04,20.66
1928-05,20.66
1928-06,20.66
1928-07,20.66
1928-08,20.66
1928-09,20.66
1928-10,20.66
1928-11,20.66
1928-12,20.66
1929-01,20.63
1929-02,20.63
1929-03,20.63
1929-04,20.63
1929-05,20.63
1929-06,20.63
1929-07,20.63
1929-08,20.63
1929-09,20.63
1929-10,20.63
1929-11,20.63
1929-12,20.63
1930-01,20.65
1930-02,20.65
1930-03,20.65
1930-04,20.65
1930-05,20.65
1930-06,20.65
1930-07,20.65
1930-08,20.65
1930-09,20.65
1930-10,20.65
1930-11,20.65
1930-12,20.65
1931-01,17.06
1931-02,17.06
1931-03,17.06
1931-04,17.06
1931-05,17.06
1931-06,17.06
1931-07,17.06
1931-08,17.06
1931-09,17.06
1931-10,17.06
1931-11,17.06
1931-12,17.06
1932-01,20.69
1932-02,20.69
1932-03,20.69
1932-04,20.69
1932-05,20.69
1932-06,20.69
1932-07,20.69
1932-08,20.69
1932-09,20.69
1932-10,20.69
1932-11,20.69
1932-12,20.69
1933-01,26.33
1933-02,26.33
1933-03,26.33
1933-04,26.33
1933-05,26.33
1933-06,26.33
1933-07,26.33
1933-08,26.33
1933-09,26.33
1933-10,26.33
1933-11,26.33
1933-12,26.33
1934-01,34.69
1934-02,34.69
1934-03,34.69
1934-04,34.69
1934-05,34.69
1934-06,34.69
1934-07,34.69
1934-08,34.69
1934-09,34.69
1934-10,34.69
1934-11,34.69
1934-12,34.69
1935-01,34.84
1935-02,34.84
1935-03,34.84
1935-04,34.84
1935-05,34.84
1935-06,34.84
1935-07,34.84
1935-08,34.84
1935-09,34.84
1935-10,34.84
1935-11,34.84
1935-12,34.84
1936-01,34.87
1936-02,34.87
1936-03,34.87
1936-04,34.87
1936-05,34.87
1936-06,34.87
1936-07,34.87
1936-08,34.87
1936-09,34.87
1936-10,34.87
1936-11,34.87
1936-12,34.87
1937-01,34.79
1937-02,34.79
1937-03,34.79
1937-04,34.79
1937-05,34.79
1937-06,34.79
1937-07,34.79
1937-08,34.79
1937-09,34.79
1937-10,34.79
1937-11,34.79
1937-12,34.79
1938-01,34.85
1938-02,34.85
1938-03,34.85
1938-04,34.85
1938-05,34.85
1938-06,34.85
1938-07,34.85
1938-08,34.85
1938-09,34.85
1938-10,34.85
1938-11,34.85
1938-12,34.85
1939-01,34.42
1939-02,34.42
1939-03,34.42
1939-04,34.42
1939-05,34.42
1939-06,34.42
1939-07,34.42
1939-08,34.42
1939-09,34.42
1939-10,34.42
1939-11,34.42
1939-12,34.42
1940-01,33.85
1940-02,33.85
1940-03,33.85
1940-04,33.85
1940-05,33.85
1940-06,33.85
1940-07,33.85
1940-08,33.85
1940-09,33.85
1940-10,33.85
1940-11,33.85
1940-12,33.85
1941-01,33.85
1941-02,33.85
1941-03,33.85
1941-04,33.85
1941-05,33.85
1941-06,33.85
1941-07,33.85
1941-08,33.85
1941-09,33.85
1941-10,33.85
1941-11,33.85
1941-12,33.85
1942-01,33.85
1942-02,33.85
1942-03,33.85
1942-04,33.85
1942-05,33.85
1942-06,33.85
1942-07,33.85
1942-08,33.85
1942-09,33.85
1942-10,33.85
1942-11,33.85
1942-12,33.85
1943-01,33.85
1943-02,33.85
1943-03,33.85
1943-04,33.85
1943-05,33.85
1943-06,33.85
1943-07,33.85
1943-08,33.85
1943-09,33.85
1943-10,33.85
1943-11,33.85
1943-12,33.85
1944-01,33.85
1944-02,33.85
1944-03,33.85
1944-04,33.85
1944-05,33.85
1944-06,33.85
1944-07,33.85
1944-08,33.85
1944-09,33.85
1944-10,33.85
1944-11,33.85
1944-12,33.85
1945-01,34.71
1945-02,34.71
1945-03,34.71
1945-04,34.71
1945-05,34.71
1945-06,34.71
1945-07,34.71
1945-08,34.71
1945-09,34.71
1945-10,34.71
1945-11,34.71
1945-12,34.71
1946-01,34.71
1946-02,34.71
1946-03,34.71
1946-04,34.71
1946-05,34.71
1946-06,34.71
1946-07,34.71
1946-08,34.71
1946-09,34.71
1946-10,34.71
1946-11,34.71
1946-12,34.71
1947-01,34.71
1947-02,34.71
1947-03,34.71
1947-04,34.71
1947-05,34.71
1947-06,34.71
1947-07,34.71
1947-08,34.71
1947-09,34.71
1947-10,34.71
1947-11,34.71
1947-12,34.71
1948-01,34.71
1948-02,34.71
1948-03,34.71
1948-04,34.71
1948-05,34.71
1948-06,34.71
1948-07,34.71
1948-08,34.71
1948-09,34.71
1948-10,34.71
1948-11,34.71
1948-12,34.71
1949-01,31.69
1949-02,31.69
1949-03,31.69
1949-04,31.69
1949-05,31.69
1949-06,31.69
1949-07,31.69
1949-08,31.69
1949-09,31.69
1949-10,31.69
1949-11,31.69
1949-12,31.69
1950-01,34.72
1950-02,34.72
1950-03,34.72
1950-04,34.72
1950-05,34.72
1950-06,34.72
1950-07,34.72
1950-08,34.72
1950-09,34.72
1950-10,34.72
1950-11,34.72
1950-12,34.72
1951-01,34.72
1951-02,34.72
1951-03,34.72
1951-04,34.72
1951-05,34.72
1951-06,34.72
1951-07,34.72
1951-08,34.72
1951-09,34.72
1951-10,34.72
1951-11,34.72
1951-12,34.72
1952-01,34.60
1952-02,34.60
1952-03,34.60
1952-04,34.60
1952-05,34.60
1952-06,34.60
1952-07,34.60
1952-08,34.60
1952-09,34.60
1952-10,34.60
1952-11,34.60
1952-12,34.60
1953-01,34.84
1953-02,34.84
1953-03,34.84
1953-04,34.84
1953-05,34.84
1953-06,34.84
1953-07,34.84
1953-08,34.84
1953-09,34.84
1953-10,34.84
1953-11,34.84
1953-12,34.84
1954-01,35.04
1954-02,35.04
1954-03,35.04
1954-04,35.04
1954-05,35.04
1954-06,35.04
1954-07,35.04
1954-08,35.04
1954-09,35.04
1954-10,35.04
1954-11,35.04
1954-12,35.04
1955-01,35.03
1955-02,35.03
1955-03,35.03
1955-04,35.03
1955-05,35.03
1955-06,35.03
1955-07,35.03
1955-08,35.03
1955-09,35.03
1955-10,35.03
1955-11,35.03
1955-12,35.03
1956-01,34.99
1956-02,34.99
1956-03,34.99
1956-04,34.99
1956-05,34.99
1956-06,34.99
1956-07,34.99
1956-08,34.99
1956-09,34.99
1956-10,34.99
1956-11,34.99
1956-12,34.99
1957-01,34.95
1957-02,34.95
1957-03,34.95
1957-04,34.95
1957-05,34.95
1957-06,34.95
1957-07,34.95
1957-08,34.95
1957-09,34.95
1957-10,34.95
1957-11,34.95
1957-12,34.95
1958-01,35.10
1958-02,35.10
1958-03,35.10
1958-04,35.10
1958-05,35.10
1958-06,35.10
1958-07,35.10
1958-08,35.10
1958-09,35.10
1958-10,35.10
1958-11,35.10
1958-12,35.10
1959-01,35.10
1959-02,35.10
1959-03,35.10
1959-04,35.10
1959-05,35.10
1959-06,35.10
1959-07,35.10
1959-08,35.10
1959-09,35.10
1959-10,35.10
1959-11,35.10
1959-12,35.10
1960-01,35.27
1960-02,35.00
1960-03,35.00
1960-04,35.27
1960-05,35.27
1960-06,35.00
1960-07,35.27
1960-08,35.27
1960-09,35.27
1960-10,35.27
1960-11,35.27
1960-12,35.00
1961-01,35.25
1961-02,35.00
1961-03,35.00
1961-04,35.00
1961-05,35.00
1961-06,35.00
1961-07,35.00
1961-08,35.25
1961-09,35.00
1961-10,35.25
1961-11,35.00
1961-12,35.25
1962-01,35.00
1962-02,35.00
1962-03,35.00
1962-04,35.23
1962-05,35.00
1962-06,35.00
1962-07,35.23
1962-08,35.00
1962-09,35.23
1962-10,35.00
1962-11,35.00
1962-12,35.23
1963-01,35.00
1963-02,35.00
1963-03,35.00
1963-04,35.00
1963-05,35.00
1963-06,35.00
1963-07,35.00
1963-08,35.00
1963-09,35.00
1963-10,35.00
1963-11,35.00
1963-12,35.09
1964-01,35.00
1964-02,35.00
1964-03,35.00
1964-04,35.10
1964-05,35.10
1964-06,35.10
1964-07,35.00
1964-08,35.00
1964-09,35.00
1964-10,35.10
1964-11,35.00
1964-12,35.10
1965-01,35.00
1965-02,35.00
1965-03,35.00
1965-04,35.00
1965-05,35.00
1965-06,35.00
1965-07,35.12
1965-08,35.00
1965-09,35.00
1965-10,35.00
1965-11,35.00
1965-12,35.00
1966-01,35.00
1966-02,35.00
1966-03,35.00
1966-04,35.00
1966-05,35.00
1966-06,35.00
1966-07,35.00
1966-08,35.00
1966-09,35.00
1966-10,35.00
1966-11,35.00
1966-12,35.00
1967-01,35.00
1967-02,35.00
1967-03,35.00
1967-04,35.00
1967-05,35.00
1967-06,35.00
1967-07,35.00
1967-08,35.00
1967-09,35.00
1967-10,34.95
1967-11,35.00
1967-12,35.00
1968-01,36.00
1968-02,36.00
1968-03,37.00
1968-04,38.00
1968-05,41.00
1968-06,41.00
1968-07,39.46
1968-08,39.00
1968-09,40.18
1968-10,39.00
1968-11,40.00
1968-12,41.00
1969-01,42.00
1969-02,43.00
1969-03,43.00
1969-04,43.00
1969-05,43.00
1969-06,41.00
1969-07,42.00
1969-08,41.00
1969-09,41.00
1969-10,40.00
1969-11,37.00
1969-12,35.00
1970-01,35.00
1970-02,35.00
1970-03,35.00
1970-04,36.00
1970-05,36.00
1970-06,35.00
1970-07,35.00
1970-08,35.00
1970-09,36.00
1970-10,38.00
1970-11,37.00
1970-12,37.00
1971-01,38.00
1971-02,39.00
1971-03,39.00
1971-04,39.00
1971-05,41.00
1971-06,40.00
1971-07,41.00
1971-08,43.00
1971-09,42.00
1971-10,43.00
1971-11,43.00
1971-12,43.00
1972-01,46.00
1972-02,48.00
1972-03,48.00
1972-04,49.00
1972-05,55.00
1972-06,62.00
1972-07,66.00
1972-08,67.00
1972-09,65.00
1972-10,65.00
1972-11,63.00
1972-12,64.00
1973-01,65.00
1973-02,74.00
1973-03,84.00
1973-04,91.00
1973-05,102.00
1973-06,120.00
1973-07,120.00
1973-08,107.00
1973-09,103.00
1973-10,100.00
1973-11,95.00
1973-12,107.00
1974-01,129.00
1974-02,150.00
1974-03,168.00
1974-04,172.00
1974-05,163.00
1974-06,154.00
1974-07,143.00
1974-08,155.00
1974-09,152.00
1974-10,159.00
1974-11,182.00
1974-12,184.00
1975-01,176.00
1975-02,179.60
1975-03,178.00
1975-04,170.00
1975-05,167.00
1975-06,164.00
1975-07,165.00
1975-08,163.00
1975-09,144.00
1975-10,143.00
1975-11,142.00
1975-12,139.00
1976-01,131.05
1976-02,131.00
1976-03,133.00
1976-04,128.00
1976-05,127.00
1976-06,126.00
1976-07,118.00
1976-08,110.00
1976-09,114.00
1976-10,116.00
1976-11,130.00
1976-12,134.00
1977-01,132.00
1977-02,136.00
1977-03,148.00
1977-04,149.00
1977-05,147.00
1977-06,141.00
1977-07,143.00
1977-08,145.00
1977-09,149.53
1977-10,159.00
1977-11,162.00
1977-12,160.00
1978-01,173.00
1978-02,178.00
1978-03,184.00
1978-04,175.00
1978-05,176.00
1978-06,184.00
1978-07,189.00
1978-08,206.00
1978-09,212.08
1978-10,227.00
1978-11,206.00
1978-12,208.00
1979-01,227.00
1979-02,246.00
1979-03,242.00
1979-04,239.11
1979-05,258.00
1979-06,279.00
1979-07,295.00
1979-08,301.00
1979-09,355.00
1979-10,392.00
1979-11,392.00
1979-12,455.00
1980-01,675.00
1980-02,665.00
1980-03,554.00
1980-04,517.00
1980-05,514.00
1980-06,601.00
1980-07,643.00
1980-08,627.00
1980-09,674.00
1980-10,661.00
1980-11,625.00
1980-12,538.00
1981-01,557.39
1981-02,500.00
1981-03,499.00
1981-04,496.00
1981-05,480.00
1981-06,461.00
1981-07,409.00
1981-08,410.00
1981-09,444.00
1981-10,438.00
1981-11,413.00
1981-12,410.00
1982-01,384.00
1982-02,374.00
1982-03,330.00
1982-04,350.00
1982-05,334.00
1982-06,315.00
1982-07,339.00
1982-08,364.00
1982-09,437.00
1982-10,422.00
1982-11,415.00
1982-12,445.00
1983-01,481.00
1983-02,491.00
1983-03,420.00
1983-04,433.00
1983-05,438.00
1983-06,413.00
1983-07,403.00
1983-08,416.00
1983-09,412.00
1983-10,394.00
1983-11,382.00
1983-12,388.00
1984-01,371.00
1984-02,386.00
1984-03,394.00
1984-04,381.00
1984-05,377.00
1984-06,378.00
1984-07,348.00
1984-08,348.00
1984-09,340.00
1984-10,341.00
1984-11,342.00
1984-12,320.00
1985-01,303.00
1985-02,299.00
1985-03,314.00
1985-04,327.00
1985-05,316.00
1985-06,317.00
1985-07,317.00
1985-08,330.00
1985-09,323.00
1985-10,326.00
1985-11,322.00
1985-12,322.00
1986-01,347.00
1986-02,339.00
1986-03,346.00
1986-04,340.00
1986-05,342.00
1986-06,343.00
1986-07,348.00
1986-08,377.00
1986-09,418.00
1986-10,424.00
1986-11,398.00
1986-12,391.00
1987-01,408.00
1987-02,401.00
1987-03,409.00
1987-04,438.00
1987-05,460.00
1987-06,450.00
1987-07,451.00
1987-08,461.00
1987-09,460.00
1987-10,465.00
1987-11,468.00
1987-12,486.00
1988-01,477.00
1988-02,442.00
1988-03,444.00
1988-04,452.00
1988-05,451.00
1988-06,451.00
1988-07,438.00
1988-08,431.00
1988-09,413.00
1988-10,407.00
1988-11,420.00
1988-12,419.00
1989-01,404.00
1989-02,388.00
1989-03,390.00
1989-04,384.00
1989-05,371.00
1989-06,368.00
1989-07,375.00
1989-08,365.00
1989-09,362.00
1989-10,367.00
1989-11,394.00
1989-12,409.39
1990-01,410.00
1990-02,417.00
1990-03,393.00
1990-04,374.00
1990-05,369.00
1990-06,352.00
1990-07,363.00
1990-08,395.00
1990-09,389.00
1990-10,381.00
1990-11,382.00
1990-12,377.00
1991-01,384.00
1991-02,364.00
1991-03,363.00
1991-04,358.00
1991-05,357.00
1991-06,366.72
1991-07,368.00
1991-08,356.00
1991-09,349.00
1991-10,359.00
1991-11,360.00
1991-12,362.00
1992-01,354.00
1992-02,354.00
1992-03,344.00
1992-04,339.00
1992-05,337.00
1992-06,341.00
1992-07,353.00
1992-08,343.00
1992-09,345.00
1992-10,344.00
1992-11,335.02
1992-12,335.00
1993-01,329.00
1993-02,329.00
1993-03,330.00
1993-04,342.00
1993-05,367.00
1993-06,372.00
1993-07,392.00
1993-08,379.00
1993-09,355.00
1993-10,364.00
1993-11,374.00
1993-12,383.00
1994-01,387.00
1994-02,382.00
1994-03,384.00
1994-04,377.00
1994-05,381.00
1994-06,386.00
1994-07,385.00
1994-08,380.00
1994-09,392.00
1994-10,390.00
1994-11,384.00
1994-12,379.00
1995-01,379.00
1995-02,377.00
1995-03,382.00
1995-04,391.00
1995-05,385.00
1995-06,388.00
1995-07,386.00
1995-08,384.00
1995-09,383.00
1995-10,383.00
1995-11,385.00
1995-12,387.00
1996-01,399.00
1996-02,405.00
1996-03,396.00
1996-04,393.00
1996-05,392.00
1996-06,385.00
1996-07,383.00
1996-08,387.00
1996-09,383.00
1996-10,381.00
1996-11,378.00
1996-12,369.00
1997-01,355.00
1997-02,347.00
1997-03,352.00
1997-04,344.00
1997-05,344.00
1997-06,341.00
1997-07,324.00
1997-08,324.00
1997-09,323.00
1997-10,325.00
1997-11,306.00
1997-12,288.74
1998-01,289.00
1998-02,297.00
1998-03,296.00
1998-04,308.00
1998-05,299.00
1998-06,292.00
1998-07,293.00
1998-08,284.00
1998-09,289.00
1998-10,296.00
1998-11,294.00
1998-12,292.00
1999-01,287.00
1999-02,287.00
1999-03,286.00
1999-04,283.00
1999-05,276.00
1999-06,261.00
1999-07,256.00
1999-08,257.00
1999-09,265.00
1999-10,311.00
1999-11,293.00
1999-12,283.00
2000-01,284.00
2000-02,300.00
2000-03,286.00
2000-04,280.00
2000-05,275.00
2000-06,286.00
2000-07,282.00
2000-08,274.47
2000-09,274.00
2000-10,270.00
2000-11,266.00
2000-12,271.00
2001-01,265.00
2001-02,262.00
2001-03,263.00
2001-04,260.48
2001-05,272.00
2001-06,270.00
2001-07,268.00
2001-08,272.00
2001-09,283.00
2001-10,283.00
2001-11,276.00
2001-12,276.00
2002-01,282.00
2002-02,296.00
2002-03,294.00
2002-04,303.00
2002-05,314.00
2002-06,321.00
2002-07,313.00
2002-08,310.00
2002-09,319.00
2002-10,317.00
2002-11,319.00
2002-12,332.00
2003-01,356.86
2003-02,359.00
2003-03,341.00
2003-04,328.00
2003-05,356.00
2003-06,356.00
2003-07,351.00
2003-08,360.00
2003-09,378.95
2003-10,379.00
2003-11,390.00
2003-12,406.95
2004-01,414.00
2004-02,405.00
2004-03,407.00
2004-04,403.00
2004-05,383.78
2004-06,392.37
2004-07,398.00
2004-08,401.00
2004-09,405.00
2004-10,420.00
2004-11,439.00
2004-12,442.00
2005-01,424.00
2005-02,423.00
2005-03,434.00
2005-04,429.00
2005-05,422.00
2005-06,431.00
2005-07,424.48
2005-08,438.00
2005-09,456.05
2005-10,470.00
2005-11,477.00
2005-12,510.00
2006-01,550.00
2006-02,555.00
2006-03,557.00
2006-04,611.00
2006-05,675.00
2006-06,596.00
2006-07,634.00
2006-08,633.00
2006-09,598.00
2006-10,586.00
2006-11,627.83
2006-12,630.00
2007-01,631.00
2007-02,664.75
2007-03,655.00
2007-04,679.00
2007-05,667.31
2007-06,656.00
2007-07,665.00
2007-08,665.41
2007-09,712.65
2007-10,755.00
2007-11,806.00
2007-12,803.00
2008-01,890.00
2008-02,922.00
2008-03,968.00
2008-04,910.00
2008-05,889.00
2008-06,889.00
2008-07,940.00
2008-08,839.00
2008-09,830.00
2008-10,807.00
2008-11,761.00
2008-12,816.00
2009-01,859.00
2009-02,943.00
2009-03,924.00
2009-04,890.00
2009-05,929.00
2009-06,946.00
2009-07,934.00
2009-08,949.00
2009-09,996.59
2009-10,1043.00
2009-11,1127.00
2009-12,1135.00
2010-01,1118.00
2010-02,1095.00
2010-03,1113.00
2010-04,1149.00
2010-05,1205.00
2010-06,1233.00
2010-07,1193.00
2010-08,1216.00
2010-09,1271.00
2010-10,1342.00
2010-11,1370.00
2010-12,1391.00
2011-01,1360.00
2011-02,1375.00
2011-03,1423.00
2011-04,1481.00
2011-05,1513.00
2011-06,1529.00
2011-07,1573.00
2011-08,1759.00
2011-09,1772.00
2011-10,1666.00
2011-11,1739.00
2011-12,1640.00
2012-01,1654.00
2012-02,1745.00
2012-03,1676.00
2012-04,1649.00
2012-05,1589.00
2012-06,1599.00
2012-07,1594.00
2012-08,1630.00
2012-09,1745.00
2012-10,1746.58
2012-11,1722.00
2012-12,1685.00
2013-01,1672.00
2013-02,1628.00
2013-03,1593.00
2013-04,1488.00
2013-05,1414.00
2013-06,1343.00
2013-07,1286.00
2013-08,1352.00
2013-09,1349.00
2013-10,1317.00
2013-11,1276.00
2013-12,1222.00
2014-01,1244.00
2014-02,1300.00
2014-03,1336.00
2014-04,1298.45
2014-05,1289.00
2014-06,1279.00
2014-07,1311.00
2014-08,1295.00
2014-09,1236.55
2014-10,1222.00
2014-11,1175.00
2014-12,1201.00
2015-01,1251.00
2015-02,1227.00
2015-03,1179.00
2015-04,1199.00
2015-05,1199.00
2015-06,1182.00
2015-07,1128.00
2015-08,1118.00
2015-09,1125.00
2015-10,1159.00
2015-11,1086.00
2015-12,1076.00
2016-01,1098.00
2016-02,1200.00
2016-03,1245.00
2016-04,1242.00
2016-05,1261.00
2016-06,1276.00
2016-07,1337.00
2016-08,1340.00
2016-09,1327.00
2016-10,1267.00
2016-11,1238.00
2016-12,1157.00
2017-01,1192.00
2017-02,1234.00
2017-03,1231.00
2017-04,1267.00
2017-05,1246.00
2017-06,1260.00
2017-07,1237.00
2017-08,1283.00
2017-09,1314.00
2017-10,1280.00
2017-11,1281.90
2017-12,1264.00
2018-01,1331.00
2018-02,1331.00
2018-03,1325.00
2018-04,1335.00
2018-05,1303.00
2018-06,1282.00
2018-07,1238.00
2018-08,1202.00
2018-09,1198.00
2018-10,1215.00
2018-11,1221.00
2018-12,1250.00
2019-01,1292.00
2019-02,1320.00
2019-03,1301.00
2019-04,1286.00
2019-05,1284.00
2019-06,1359.00
2019-07,1413.00
2019-08,1500.00
2019-09,1511.00
2019-10,1495.00
2019-11,1471.00
2019-12,1479.00
2020-01,1561.00
2020-02,1597.00
2020-03,1592.00
2020-04,1683.00
2020-05,1716.00
2020-06,1732.00
2020-07,1847.00
2020-08,1969.00
2020-09,1922.00
2020-10,1900.00
2020-11,1866.00
2020-12,1858.00
2021-01,1867.00
2021-02,1808.00
2021-03,1718.00
2021-04,1760.00
2021-05,1850.00
2021-06,1835.00
2021-07,1808.00
2021-08,1785.00
2021-09,1775.00
2021-10,1777.00
2021-11,1822.00
2021-12,1790.00
2022-01,1816.00
2022-02,1856.00
2022-03,1948.00
2022-04,1937.00
2022-05,1849.00
2022-06,1837.00
2022-07,1733.00
2022-08,1765.00
2022-09,1680.78
2022-10,1664.00
2022-11,1725.00
2022-12,1798.00
2023-01,1898.00
2023-02,1855.00
2023-03,1913.00
2023-04,2000.00
2023-05,1992.00
2023-06,1943.00
2023-07,1951.00
2023-08,1919.00
2023-09,1916.00
2023-10,1916.00
2023-11,1984.00
2023-12,2026.00
2024-01,2034.00
2024-02,2023.00
2024-03,2158.00
2024-04,2331.00
2024-05,2351.00
2024-06,2326.00
2024-07,2398.00
2024-08,2470.00
2024-09,2571.00
2024-10,2690.00
2024-11,2651.00
2024-12,2648.00
2025-01,2710.00
2025-02,2895.00
2025-03,2983.00
2025-04,3218.00
2025-05,3309.00
2025-06,3353.00
2025-07,3340.00
2025-08,3368.00
2025-09,3667.68
2025-10,4058.33
2025-11,4087.00
2025-12,4309.00
2026-01,4753.00
2026-02,5020.00
2026-03,4856.00
2026-04,4721.00
2026-05,4587.00
2026-06,4228.00
2026-07,4073.00
